heat_slug,heat_round,heat_round_number,heat_number,heat_duration,heat_date,surfer_count,wind_conditions,avg_wave_height,wave_range,wave_dir,break_slug,break_type,event_slug,event_year,event_s_date,event_round,event_country,tour_year,tour_gender,surfer_won,surfer_heat_place,surfer_slug,surfer_age,surfer_gender,surfer_dob,surfer_country,surfer_stance,surfer_heat_total,surfer_replace,surfer_points,surfer_event_count,surfer_heat_count,surfer_heat_wins,surfer_heat_losses,surfer_win_rate,surfer_avg_ht,surfer_heat_count_break,surfer_heat_win_break,surfer_avg_heat_total_break,surfer_heat_count_event,surfer_heat_win_event,surfer_avg_heat_total_event,surfer_heat_count_ws,surfer_heat_win_ws,surfer_avg_heat_total_ws,surfer_heat_count_wd,surfer_heat_win_wd,surfer_avg_heat_total_wd,surfer_heat_count_bt,surfer_heat_win_bt,surfer_avg_heat_total_bt,surfer_prev_event_place,surfer_prev_event_points,surfer_prev_3_event_points,surfer_prev_5_event_points,surfer_prev_year_place,surfer_prev_10_heat_place,surfer_matchup_count,surfer_matchup_wins,op1_slug,op1_age,op1_gender,op1_dob,op1_country,op1_stance,op1_heat_total,op1_replace,op1_points,op1_event_count,op1_heat_count,op1_heat_wins,op1_heat_losses,op1_win_rate,op1_avg_ht,op1_heat_count_break,op1_heat_win_break,op1_avg_heat_total_break,op1_heat_count_event,op1_heat_win_event,op1_avg_heat_total_event,op1_heat_count_ws,op1_heat_win_ws,op1_avg_heat_total_ws,op1_heat_count_wd,op1_heat_win_wd,op1_avg_heat_total_wd,op1_heat_count_bt,op1_heat_win_bt,op1_avg_heat_total_bt,op1_prev_event_place,op1_prev_event_points,op1_prev_3_event_points,op1_prev_5_event_points,op1_prev_year_place,op1_prev_10_heat_place,op2_slug,op2_age,op2_gender,op2_dob,op2_country,op2_stance,op2_heat_total,op2_replace,op2_points,op2_event_count,op2_heat_count,op2_heat_wins,op2_heat_losses,op2_win_rate,op2_avg_ht,op2_heat_count_break,op2_heat_win_break,op2_avg_heat_total_break,op2_heat_count_event,op2_heat_win_event,op2_avg_heat_total_event,op2_heat_count_ws,op2_heat_win_ws,op2_avg_heat_total_ws,op2_heat_count_wd,op2_heat_win_wd,op2_avg_heat_total_wd,op2_heat_count_bt,op2_heat_win_bt,op2_avg_heat_total_bt,op2_prev_event_place,op2_prev_event_points,op2_prev_3_event_points,op2_prev_5_event_points,op2_prev_year_place,op2_prev_10_heat_place
qfh4-corona-open-j-bay-ct22f,Quarterfinals,3,4,35.0,"July 14, 2022",2,Offshore,7.0,6-8',RIGHT,jeffreys-bay,POINTBREAK,corona-open-j-bay-ct22f,2022,2022-07-12T05:30:00.000Z,9,south-africa,2022,FEMALE,False,2,brisa-hennessy,23.0,FEMALE,16-09-1999,costa-rica,REGULAR,13.67,False,38150.0,28.0,75.0,25.0,50.0,0.3333333333333333,10.42506666666667,75.0,25.0,10.42506666666667,3.0,1.0,9.323333333333332,10.0,8.0,11.285,38.0,16.0,11.18894736842105,19.0,6.0,10.5778947368421,9.0,2610.0,9965.0,20795.0,15.0,2.0,2.0,1.0,tatiana-weston-webb,26.0,FEMALE,09-05-1996,brazil,GOOFY,17.2,False,35220.0,69.0,249.0,118.0,131.0,0.4738955823293173,12.23875502008032,250.0,118.0,12.23875502008032,6.0,3.0,14.20166666666667,9.0,4.0,12.03888888888889,80.0,36.0,12.25825,63.0,25.0,12.60968253968254,3.0,6085.0,14780.0,20000.0,2.0,6.0,,,,,,,,,,,,,,,,,,,,,,,,,,,,,,,,,,,,
qfh4-corona-open-j-bay-ct22f,Quarterfinals,3,4,35.0,"July 14, 2022",2,Offshore,7.0,6-8',RIGHT,jeffreys-bay,POINTBREAK,corona-open-j-bay-ct22f,2022,2022-07-12T05:30:00.000Z,9,south-africa,2022,FEMALE,True,1,tatiana-weston-webb,26.0,FEMALE,09-05-1996,brazil,GOOFY,17.2,False,35220.0,69.0,249.0,118.0,131.0,0.4738955823293173,12.23875502008032,250.0,118.0,12.23875502008032,6.0,3.0,14.20166666666667,9.0,4.0,12.03888888888889,80.0,36.0,12.25825,63.0,25.0,12.60968253968254,3.0,6085.0,14780.0,20000.0,2.0,6.0,2.0,1.0,brisa-hennessy,23.0,FEMALE,16-09-1999,costa-rica,REGULAR,13.67,False,38150.0,28.0,75.0,25.0,50.0,0.3333333333333333,10.42506666666667,75.0,25.0,10.42506666666667,3.0,1.0,9.323333333333332,10.0,8.0,11.285,38.0,16.0,11.18894736842105,19.0,6.0,10.5778947368421,9.0,2610.0,9965.0,20795.0,15.0,2.0,,,,,,,,,,,,,,,,,,,,,,,,,,,,,,,,,,,,
sfh1-corona-open-j-bay-ct22f,Semifinals,4,1,35.0,"July 15, 2022",2,Light,5.0,4-6',RIGHT,jeffreys-bay,POINTBREAK,corona-open-j-bay-ct22f,2022,2022-07-12T05:30:00.000Z,9,south-africa,2022,FEMALE,False,2,stephanie-gilmore,34.0,FEMALE,29-01-1988,australia,REGULAR,11.0,False,36585.0,106.0,388.0,240.0,148.0,0.6185567010309279,13.42219072164949,389.0,240.0,13.42219072164949,8.0,7.0,14.3525,57.0,40.0,12.70684210526316,156.0,112.0,14.09935897435897,137.0,97.0,14.45970802919708,9.0,2610.0,17355.0,26845.0,5.0,4.0,21.0,13.0,tyler-wright,28.0,FEMALE,31-03-1994,australia,REGULAR,14.26,False,31270.0,95.0,350.0,214.0,136.0,0.6114285714285714,13.43642857142857,352.0,214.0,13.43642857142857,,,,31.0,19.0,12.541,126.0,79.0,14.04404761904763,102.0,61.0,14.26480392156863,9.0,2610.0,15220.0,22575.0,6.0,6.0,,,,,,,,,,,,,,,,,,,,,,,,,,,,,,,,,,,,
sfh1-corona-open-j-bay-ct22f,Semifinals,4,1,35.0,"July 15, 2022",2,Light,5.0,4-6',RIGHT,jeffreys-bay,POINTBREAK,corona-open-j-bay-ct22f,2022,2022-07-12T05:30:00.000Z,9,south-africa,2022,FEMALE,True,1,tyler-wright,28.0,FEMALE,31-03-1994,australia,REGULAR,14.26,False,31270.0,95.0,350.0,214.0,136.0,0.6114285714285714,13.43642857142857,352.0,214.0,13.43642857142857,,,,31.0,19.0,12.541,126.0,79.0,14.04404761904763,102.0,61.0,14.26480392156863,9.0,2610.0,15220.0,22575.0,6.0,6.0,21.0,8.0,stephanie-gilmore,34.0,FEMALE,29-01-1988,australia,REGULAR,11.0,False,36585.0,106.0,388.0,240.0,148.0,0.6185567010309279,13.42219072164949,389.0,240.0,13.42219072164949,8.0,7.0,14.3525,57.0,40.0,12.70684210526316,156.0,112.0,14.09935897435897,137.0,97.0,14.45970802919708,9.0,2610.0,17355.0,26845.0,5.0,4.0,,,,,,,,,,,,,,,,,,,,,,,,,,,,,,,,,,,,
qfh2-corona-open-j-bay-ct22f,Quarterfinals,3,2,35.0,"July 14, 2022",2,Offshore,7.0,6-8',RIGHT,jeffreys-bay,POINTBREAK,corona-open-j-bay-ct22f,2022,2022-07-12T05:30:00.000Z,9,south-africa,2022,FEMALE,False,2,gabriela-bryan,20.0,FEMALE,09-04-2002,hawaii,REGULAR,12.17,False,33020.0,9.0,27.0,10.0,17.0,0.3703703703703703,10.81148148148148,27.0,10.0,10.81148148148148,,,,10.0,5.0,11.908,9.0,4.0,12.37444444444444,4.0,1.0,12.1275,3.0,6085.0,11305.0,21715.0,20.0,4.0,1.0,1.0,stephanie-gilmore,34.0,FEMALE,29-01-1988,australia,REGULAR,16.26,False,36585.0,106.0,388.0,240.0,148.0,0.6185567010309279,13.42219072164949,389.0,240.0,13.42219072164949,8.0,7.0,14.3525,10.0,5.0,11.792,156.0,112.0,14.09935897435897,137.0,97.0,14.45970802919708,9.0,2610.0,17355.0,26845.0,5.0,4.0,,,,,,,,,,,,,,,,,,,,,,,,,,,,,,,,,,,,
qfh2-corona-open-j-bay-ct22f,Quarterfinals,3,2,35.0,"July 14, 2022",2,Offshore,7.0,6-8',RIGHT,jeffreys-bay,POINTBREAK,corona-open-j-bay-ct22f,2022,2022-07-12T05:30:00.000Z,9,south-africa,2022,FEMALE,True,1,stephanie-gilmore,34.0,FEMALE,29-01-1988,australia,REGULAR,16.26,False,36585.0,106.0,388.0,240.0,148.0,0.6185567010309279,13.42219072164949,389.0,240.0,13.42219072164949,8.0,7.0,14.3525,10.0,5.0,11.792,156.0,112.0,14.09935897435897,137.0,97.0,14.45970802919708,9.0,2610.0,17355.0,26845.0,5.0,4.0,1.0,0.0,gabriela-bryan,20.0,FEMALE,09-04-2002,hawaii,REGULAR,12.17,False,33020.0,9.0,27.0,10.0,17.0,0.3703703703703703,10.81148148148148,27.0,10.0,10.81148148148148,,,,10.0,5.0,11.908,9.0,4.0,12.37444444444444,4.0,1.0,12.1275,3.0,6085.0,11305.0,21715.0,20.0,4.0,,,,,,,,,,,,,,,,,,,,,,,,,,,,,,,,,,,,
orh1-corona-open-j-bay-ct22f,Opening Round,1,1,35.0,"July 12, 2022",3,Light,5.0,4-6',RIGHT,jeffreys-bay,POINTBREAK,corona-open-j-bay-ct22f,2022,2022-07-12T05:30:00.000Z,9,south-africa,2022,FEMALE,True,1,brisa-hennessy,23.0,FEMALE,16-09-1999,costa-rica,REGULAR,10.33,False,38150.0,28.0,75.0,25.0,50.0,0.3333333333333333,10.42506666666667,75.0,25.0,10.42506666666667,3.0,1.0,9.323333333333332,26.0,6.0,9.859230769230768,38.0,16.0,11.18894736842105,19.0,6.0,10.5778947368421,9.0,2610.0,9965.0,20795.0,15.0,2.0,,,stephanie-gilmore,34.0,FEMALE,29-01-1988,australia,REGULAR,9.03,False,36585.0,106.0,388.0,240.0,148.0,0.6185567010309279,13.42219072164949,389.0,240.0,13.42219072164949,8.0,7.0,14.3525,57.0,40.0,12.70684210526316,156.0,112.0,14.09935897435897,137.0,97.0,14.45970802919708,9.0,2610.0,17355.0,26845.0,5.0,4.0,courtney-conlogue,30.0,FEMALE,25-08-1992,united-states,REGULAR,9.03,False,30535.0,93.0,338.0,188.0,150.0,0.5562130177514792,13.27479289940829,340.0,188.0,13.27479289940829,5.0,1.0,11.772,30.0,12.0,11.65333333333333,117.0,56.0,13.48448275862069,105.0,51.0,13.67048076923077,9.0,2610.0,9965.0,22135.0,9.0,5.0
orh1-corona-open-j-bay-ct22f,Opening Round,1,1,35.0,"July 12, 2022",3,Light,5.0,4-6',RIGHT,jeffreys-bay,POINTBREAK,corona-open-j-bay-ct22f,2022,2022-07-12T05:30:00.000Z,9,south-africa,2022,FEMALE,False,2,courtney-conlogue,30.0,FEMALE,25-08-1992,united-states,REGULAR,9.03,False,30535.0,93.0,338.0,188.0,150.0,0.5562130177514792,13.27479289940829,340.0,188.0,13.27479289940829,5.0,1.0,11.772,30.0,12.0,11.65333333333333,117.0,56.0,13.48448275862069,105.0,51.0,13.67048076923077,9.0,2610.0,9965.0,22135.0,9.0,5.0,,,stephanie-gilmore,34.0,FEMALE,29-01-1988,australia,REGULAR,9.03,False,36585.0,106.0,388.0,240.0,148.0,0.6185567010309279,13.42219072164949,389.0,240.0,13.42219072164949,8.0,7.0,14.3525,57.0,40.0,12.70684210526316,156.0,112.0,14.09935897435897,137.0,97.0,14.45970802919708,9.0,2610.0,17355.0,26845.0,5.0,4.0,brisa-hennessy,23.0,FEMALE,16-09-1999,costa-rica,REGULAR,10.33,False,38150.0,28.0,75.0,25.0,50.0,0.3333333333333333,10.42506666666667,75.0,25.0,10.42506666666667,3.0,1.0,9.323333333333332,26.0,6.0,9.859230769230768,38.0,16.0,11.18894736842105,19.0,6.0,10.5778947368421,9.0,2610.0,9965.0,20795.0,15.0,2.0
orh1-corona-open-j-bay-ct22f,Opening Round,1,1,35.0,"July 12, 2022",3,Light,5.0,4-6',RIGHT,jeffreys-bay,POINTBREAK,corona-open-j-bay-ct22f,2022,2022-07-12T05:30:00.000Z,9,south-africa,2022,FEMALE,False,3,stephanie-gilmore,34.0,FEMALE,29-01-1988,australia,REGULAR,9.03,False,36585.0,106.0,388.0,240.0,148.0,0.6185567010309279,13.42219072164949,389.0,240.0,13.42219072164949,8.0,7.0,14.3525,57.0,40.0,12.70684210526316,156.0,112.0,14.09935897435897,137.0,97.0,14.45970802919708,9.0,2610.0,17355.0,26845.0,5.0,4.0,,,courtney-conlogue,30.0,FEMALE,25-08-1992,united-states,REGULAR,9.03,False,30535.0,93.0,338.0,188.0,150.0,0.5562130177514792,13.27479289940829,340.0,188.0,13.27479289940829,5.0,1.0,11.772,30.0,12.0,11.65333333333333,117.0,56.0,13.48448275862069,105.0,51.0,13.67048076923077,9.0,2610.0,9965.0,22135.0,9.0,5.0,brisa-hennessy,23.0,FEMALE,16-09-1999,costa-rica,REGULAR,10.33,False,38150.0,28.0,75.0,25.0,50.0,0.3333333333333333,10.42506666666667,75.0,25.0,10.42506666666667,3.0,1.0,9.323333333333332,26.0,6.0,9.859230769230768,38.0,16.0,11.18894736842105,19.0,6.0,10.5778947368421,9.0,2610.0,9965.0,20795.0,15.0,2.0
erh3-corona-open-j-bay-ct22f,Elimination Round,2,3,35.0,"July 13, 2022",2,Offshore,5.0,4-6',RIGHT,jeffreys-bay,POINTBREAK,corona-open-j-bay-ct22f,2022,2022-07-12T05:30:00.000Z,9,south-africa,2022,FEMALE,False,2,lakey-peterson,28.0,FEMALE,30-09-1994,united-states,REGULAR,5.5,False,39005.0,91.0,310.0,150.0,160.0,0.4838709677419355,12.6811935483871,310.0,150.0,12.6811935483871,11.0,8.0,14.17727272727273,45.0,26.0,11.77577777777778,109.0,55.0,13.24183486238532,95.0,50.0,13.99284210526315,5.0,4745.0,17290.0,22510.0,18.0,3.0,11.0,5.0,tyler-wright,28.0,FEMALE,31-03-1994,australia,REGULAR,11.84,False,31270.0,95.0,350.0,214.0,136.0,0.6114285714285714,13.43642857142857,352.0,214.0,13.43642857142857,,,,31.0,19.0,12.541,126.0,79.0,14.04404761904763,102.0,61.0,14.26480392156863,9.0,2610.0,15220.0,22575.0,6.0,6.0,,,,,,,,,,,,,,,,,,,,,,,,,,,,,,,,,,,,
erh3-corona-open-j-bay-ct22f,Elimination Round,2,3,35.0,"July 13, 2022",2,Offshore,5.0,4-6',RIGHT,jeffreys-bay,POINTBREAK,corona-open-j-bay-ct22f,2022,2022-07-12T05:30:00.000Z,9,south-africa,2022,FEMALE,True,1,tyler-wright,28.0,FEMALE,31-03-1994,australia,REGULAR,11.84,False,31270.0,95.0,350.0,214.0,136.0,0.6114285714285714,13.43642857142857,352.0,214.0,13.43642857142857,,,,31.0,19.0,12.541,126.0,79.0,14.04404761904763,102.0,61.0,14.26480392156863,9.0,2610.0,15220.0,22575.0,6.0,6.0,11.0,6.0,lakey-peterson,28.0,FEMALE,30-09-1994,united-states,REGULAR,5.5,False,39005.0,91.0,310.0,150.0,160.0,0.4838709677419355,12.6811935483871,310.0,150.0,12.6811935483871,11.0,8.0,14.17727272727273,45.0,26.0,11.77577777777778,109.0,55.0,13.24183486238532,95.0,50.0,13.99284210526315,5.0,4745.0,17290.0,22510.0,18.0,3.0,,,,,,,,,,,,,,,,,,,,,,,,,,,,,,,,,,,,
qfh3-corona-open-j-bay-ct22f,Quarterfinals,3,3,35.0,"July 14, 2022",2,Offshore,7.0,6-8',RIGHT,jeffreys-bay,POINTBREAK,corona-open-j-bay-ct22f,2022,2022-07-12T05:30:00.000Z,9,south-africa,2022,FEMALE,True,1,carissa-moore,30.0,FEMALE,27-08-1992,hawaii,REGULAR,14.5,False,49450.0,106.0,442.0,307.0,135.0,0.6945701357466063,14.10814479638009,442.0,307.0,14.10814479638009,8.0,6.0,13.92,12.0,6.0,11.745,144.0,101.0,14.54868055555555,122.0,85.0,14.81245901639344,1.0,10000.0,22545.0,32955.0,1.0,6.0,6.0,4.0,caroline-marks,20.0,FEMALE,14-02-2002,united-states,GOOFY,8.93,False,18665.0,37.0,95.0,48.0,47.0,0.5052631578947369,11.83768421052632,95.0,48.0,11.83768421052632,6.0,4.0,14.22333333333333,4.0,1.0,11.365,39.0,19.0,12.29435897435897,31.0,17.0,12.44258064516129,5.0,4745.0,11875.0,19230.0,6.0,5.0,,,,,,,,,,,,,,,,,,,,,,,,,,,,,,,,,,,,
qfh3-corona-open-j-bay-ct22f,Quarterfinals,3,3,35.0,"July 14, 2022",2,Offshore,7.0,6-8',RIGHT,jeffreys-bay,POINTBREAK,corona-open-j-bay-ct22f,2022,2022-07-12T05:30:00.000Z,9,south-africa,2022,FEMALE,False,2,caroline-marks,20.0,FEMALE,14-02-2002,united-states,GOOFY,8.93,False,18665.0,37.0,95.0,48.0,47.0,0.5052631578947369,11.83768421052632,95.0,48.0,11.83768421052632,6.0,4.0,14.22333333333333,4.0,1.0,11.365,39.0,19.0,12.29435897435897,31.0,17.0,12.44258064516129,5.0,4745.0,11875.0,19230.0,6.0,5.0,6.0,2.0,carissa-moore,30.0,FEMALE,27-08-1992,hawaii,REGULAR,14.5,False,49450.0,106.0,442.0,307.0,135.0,0.6945701357466063,14.10814479638009,442.0,307.0,14.10814479638009,8.0,6.0,13.92,12.0,6.0,11.745,144.0,101.0,14.54868055555555,122.0,85.0,14.81245901639344,1.0,10000.0,22545.0,32955.0,1.0,6.0,,,,,,,,,,,,,,,,,,,,,,,,,,,,,,,,,,,,
sfh2-corona-open-j-bay-ct22f,Semifinals,4,2,35.0,"July 15, 2022",2,Light,5.0,4-6',RIGHT,jeffreys-bay,POINTBREAK,corona-open-j-bay-ct22f,2022,2022-07-12T05:30:00.000Z,9,south-africa,2022,FEMALE,False,2,carissa-moore,30.0,FEMALE,27-08-1992,hawaii,REGULAR,5.5,False,49450.0,106.0,442.0,307.0,135.0,0.6945701357466063,14.10814479638009,442.0,307.0,14.10814479638009,8.0,6.0,13.92,61.0,40.0,13.54393442622951,144.0,101.0,14.54868055555555,122.0,85.0,14.81245901639344,1.0,10000.0,22545.0,32955.0,1.0,6.0,16.0,10.0,tatiana-weston-webb,26.0,FEMALE,09-05-1996,brazil,GOOFY,9.6,False,35220.0,69.0,249.0,118.0,131.0,0.4738955823293173,12.23875502008032,250.0,118.0,12.23875502008032,6.0,3.0,14.20166666666667,56.0,29.0,12.25381818181818,80.0,36.0,12.25825,63.0,25.0,12.60968253968254,3.0,6085.0,14780.0,20000.0,2.0,6.0,,,,,,,,,,,,,,,,,,,,,,,,,,,,,,,,,,,,
sfh2-corona-open-j-bay-ct22f,Semifinals,4,2,35.0,"July 15, 2022",2,Light,5.0,4-6',RIGHT,jeffreys-bay,POINTBREAK,corona-open-j-bay-ct22f,2022,2022-07-12T05:30:00.000Z,9,south-africa,2022,FEMALE,True,1,tatiana-weston-webb,26.0,FEMALE,09-05-1996,brazil,GOOFY,9.6,False,35220.0,69.0,249.0,118.0,131.0,0.4738955823293173,12.23875502008032,250.0,118.0,12.23875502008032,6.0,3.0,14.20166666666667,56.0,29.0,12.25381818181818,80.0,36.0,12.25825,63.0,25.0,12.60968253968254,3.0,6085.0,14780.0,20000.0,2.0,6.0,16.0,6.0,carissa-moore,30.0,FEMALE,27-08-1992,hawaii,REGULAR,5.5,False,49450.0,106.0,442.0,307.0,135.0,0.6945701357466063,14.10814479638009,442.0,307.0,14.10814479638009,8.0,6.0,13.92,61.0,40.0,13.54393442622951,144.0,101.0,14.54868055555555,122.0,85.0,14.81245901639344,1.0,10000.0,22545.0,32955.0,1.0,6.0,,,,,,,,,,,,,,,,,,,,,,,,,,,,,,,,,,,,
orh4-corona-open-j-bay-ct22f,Opening Round,1,4,35.0,"July 13, 2022",3,Light,5.0,4-6',RIGHT,jeffreys-bay,POINTBREAK,corona-open-j-bay-ct22f,2022,2022-07-12T05:30:00.000Z,9,south-africa,2022,FEMALE,False,2,lakey-peterson,28.0,FEMALE,30-09-1994,united-states,REGULAR,12.97,False,39005.0,91.0,310.0,150.0,160.0,0.4838709677419355,12.6811935483871,310.0,150.0,12.6811935483871,11.0,8.0,14.17727272727273,45.0,26.0,11.77577777777778,109.0,55.0,13.24183486238532,95.0,50.0,13.99284210526315,5.0,4745.0,17290.0,22510.0,18.0,3.0,,,tyler-wright,28.0,FEMALE,31-03-1994,australia,REGULAR,10.13,False,31270.0,95.0,350.0,214.0,136.0,0.6114285714285714,13.43642857142857,352.0,214.0,13.43642857142857,,,,31.0,19.0,12.541,126.0,79.0,14.04404761904763,102.0,61.0,14.26480392156863,9.0,2610.0,15220.0,22575.0,6.0,6.0,tatiana-weston-webb,26.0,FEMALE,09-05-1996,brazil,GOOFY,13.33,False,35220.0,69.0,249.0,118.0,131.0,0.4738955823293173,12.23875502008032,250.0,118.0,12.23875502008032,6.0,3.0,14.20166666666667,56.0,29.0,12.25381818181818,80.0,36.0,12.25825,63.0,25.0,12.60968253968254,3.0,6085.0,14780.0,20000.0,2.0,6.0
orh4-corona-open-j-bay-ct22f,Opening Round,1,4,35.0,"July 13, 2022",3,Light,5.0,4-6',RIGHT,jeffreys-bay,POINTBREAK,corona-open-j-bay-ct22f,2022,2022-07-12T05:30:00.000Z,9,south-africa,2022,FEMALE,True,1,tatiana-weston-webb,26.0,FEMALE,09-05-1996,brazil,GOOFY,13.33,False,35220.0,69.0,249.0,118.0,131.0,0.4738955823293173,12.23875502008032,250.0,118.0,12.23875502008032,6.0,3.0,14.20166666666667,56.0,29.0,12.25381818181818,80.0,36.0,12.25825,63.0,25.0,12.60968253968254,3.0,6085.0,14780.0,20000.0,2.0,6.0,,,tyler-wright,28.0,FEMALE,31-03-1994,australia,REGULAR,10.13,False,31270.0,95.0,350.0,214.0,136.0,0.6114285714285714,13.43642857142857,352.0,214.0,13.43642857142857,,,,31.0,19.0,12.541,126.0,79.0,14.04404761904763,102.0,61.0,14.26480392156863,9.0,2610.0,15220.0,22575.0,6.0,6.0,lakey-peterson,28.0,FEMALE,30-09-1994,united-states,REGULAR,12.97,False,39005.0,91.0,310.0,150.0,160.0,0.4838709677419355,12.6811935483871,310.0,150.0,12.6811935483871,11.0,8.0,14.17727272727273,45.0,26.0,11.77577777777778,109.0,55.0,13.24183486238532,95.0,50.0,13.99284210526315,5.0,4745.0,17290.0,22510.0,18.0,3.0
orh4-corona-open-j-bay-ct22f,Opening Round,1,4,35.0,"July 13, 2022",3,Light,5.0,4-6',RIGHT,jeffreys-bay,POINTBREAK,corona-open-j-bay-ct22f,2022,2022-07-12T05:30:00.000Z,9,south-africa,2022,FEMALE,False,3,tyler-wright,28.0,FEMALE,31-03-1994,australia,REGULAR,10.13,False,31270.0,95.0,350.0,214.0,136.0,0.6114285714285714,13.43642857142857,352.0,214.0,13.43642857142857,,,,31.0,19.0,12.541,126.0,79.0,14.04404761904763,102.0,61.0,14.26480392156863,9.0,2610.0,15220.0,22575.0,6.0,6.0,,,tatiana-weston-webb,26.0,FEMALE,09-05-1996,brazil,GOOFY,13.33,False,35220.0,69.0,249.0,118.0,131.0,0.4738955823293173,12.23875502008032,250.0,118.0,12.23875502008032,6.0,3.0,14.20166666666667,56.0,29.0,12.25381818181818,80.0,36.0,12.25825,63.0,25.0,12.60968253968254,3.0,6085.0,14780.0,20000.0,2.0,6.0,lakey-peterson,28.0,FEMALE,30-09-1994,united-states,REGULAR,12.97,False,39005.0,91.0,310.0,150.0,160.0,0.4838709677419355,12.6811935483871,310.0,150.0,12.6811935483871,11.0,8.0,14.17727272727273,45.0,26.0,11.77577777777778,109.0,55.0,13.24183486238532,95.0,50.0,13.99284210526315,5.0,4745.0,17290.0,22510.0,18.0,3.0
erh2-corona-open-j-bay-ct22f,Elimination Round,2,2,35.0,"July 13, 2022",2,Offshore,5.0,4-6',RIGHT,jeffreys-bay,POINTBREAK,corona-open-j-bay-ct22f,2022,2022-07-12T05:30:00.000Z,9,south-africa,2022,FEMALE,False,2,courtney-conlogue,30.0,FEMALE,25-08-1992,united-states,REGULAR,10.34,False,30535.0,93.0,338.0,188.0,150.0,0.5562130177514792,13.27479289940829,340.0,188.0,13.27479289940829,5.0,1.0,11.772,30.0,12.0,11.65333333333333,117.0,56.0,13.48448275862069,105.0,51.0,13.67048076923077,9.0,2610.0,9965.0,22135.0,9.0,5.0,15.0,5.0,stephanie-gilmore,34.0,FEMALE,29-01-1988,australia,REGULAR,14.87,False,36585.0,106.0,388.0,240.0,148.0,0.6185567010309279,13.42219072164949,389.0,240.0,13.42219072164949,8.0,7.0,14.3525,57.0,40.0,12.70684210526316,156.0,112.0,14.09935897435897,137.0,97.0,14.45970802919708,9.0,2610.0,17355.0,26845.0,5.0,4.0,,,,,,,,,,,,,,,,,,,,,,,,,,,,,,,,,,,,
erh2-corona-open-j-bay-ct22f,Elimination Round,2,2,35.0,"July 13, 2022",2,Offshore,5.0,4-6',RIGHT,jeffreys-bay,POINTBREAK,corona-open-j-bay-ct22f,2022,2022-07-12T05:30:00.000Z,9,south-africa,2022,FEMALE,True,1,stephanie-gilmore,34.0,FEMALE,29-01-1988,australia,REGULAR,14.87,False,36585.0,106.0,388.0,240.0,148.0,0.6185567010309279,13.42219072164949,389.0,240.0,13.42219072164949,8.0,7.0,14.3525,57.0,40.0,12.70684210526316,156.0,112.0,14.09935897435897,137.0,97.0,14.45970802919708,9.0,2610.0,17355.0,26845.0,5.0,4.0,15.0,9.0,courtney-conlogue,30.0,FEMALE,25-08-1992,united-states,REGULAR,10.34,False,30535.0,93.0,338.0,188.0,150.0,0.5562130177514792,13.27479289940829,340.0,188.0,13.27479289940829,5.0,1.0,11.772,30.0,12.0,11.65333333333333,117.0,56.0,13.48448275862069,105.0,51.0,13.67048076923077,9.0,2610.0,9965.0,22135.0,9.0,5.0,,,,,,,,,,,,,,,,,,,,,,,,,,,,,,,,,,,,
qfh1-corona-open-j-bay-ct22f,Quarterfinals,3,1,35.0,"July 14, 2022",2,Offshore,7.0,6-8',RIGHT,jeffreys-bay,POINTBREAK,corona-open-j-bay-ct22f,2022,2022-07-12T05:30:00.000Z,9,south-africa,2022,FEMALE,False,2,johanne-defay,29.0,FEMALE,19-11-1993,france,REGULAR,11.76,False,47610.0,77.0,272.0,120.0,152.0,0.4411764705882353,12.20691176470587,272.0,120.0,12.20691176470587,7.0,2.0,13.60571428571428,10.0,4.0,11.859,82.0,31.0,12.26865853658537,74.0,31.0,12.44094594594595,2.0,7800.0,23885.0,33375.0,4.0,5.0,14.0,5.0,tyler-wright,28.0,FEMALE,31-03-1994,australia,REGULAR,14.0,False,31270.0,95.0,350.0,214.0,136.0,0.6114285714285714,13.43642857142857,352.0,214.0,13.43642857142857,,,,6.0,3.0,10.66166666666667,126.0,79.0,14.04404761904763,102.0,61.0,14.26480392156863,9.0,2610.0,15220.0,22575.0,6.0,6.0,,,,,,,,,,,,,,,,,,,,,,,,,,,,,,,,,,,,
qfh1-corona-open-j-bay-ct22f,Quarterfinals,3,1,35.0,"July 14, 2022",2,Offshore,7.0,6-8',RIGHT,jeffreys-bay,POINTBREAK,corona-open-j-bay-ct22f,2022,2022-07-12T05:30:00.000Z,9,south-africa,2022,FEMALE,True,1,tyler-wright,28.0,FEMALE,31-03-1994,australia,REGULAR,14.0,False,31270.0,95.0,350.0,214.0,136.0,0.6114285714285714,13.43642857142857,352.0,214.0,13.43642857142857,,,,6.0,3.0,10.66166666666667,126.0,79.0,14.04404761904763,102.0,61.0,14.26480392156863,9.0,2610.0,15220.0,22575.0,6.0,6.0,14.0,9.0,johanne-defay,29.0,FEMALE,19-11-1993,france,REGULAR,11.76,False,47610.0,77.0,272.0,120.0,152.0,0.4411764705882353,12.20691176470587,272.0,120.0,12.20691176470587,7.0,2.0,13.60571428571428,10.0,4.0,11.859,82.0,31.0,12.26865853658537,74.0,31.0,12.44094594594595,2.0,7800.0,23885.0,33375.0,4.0,5.0,,,,,,,,,,,,,,,,,,,,,,,,,,,,,,,,,,,,
erh4-corona-open-j-bay-ct22f,Elimination Round,2,4,35.0,"July 13, 2022",2,Offshore,5.0,4-6',RIGHT,jeffreys-bay,POINTBREAK,corona-open-j-bay-ct22f,2022,2022-07-12T05:30:00.000Z,9,south-africa,2022,FEMALE,True,1,gabriela-bryan,20.0,FEMALE,09-04-2002,hawaii,REGULAR,10.94,False,33020.0,9.0,27.0,10.0,17.0,0.3703703703703703,10.81148148148148,27.0,10.0,10.81148148148148,,,,12.0,4.0,9.951666666666666,9.0,4.0,12.37444444444444,4.0,1.0,12.1275,3.0,6085.0,11305.0,21715.0,20.0,4.0,1.0,0.0,isabella-nichols,25.0,FEMALE,20-08-1997,australia,REGULAR,10.83,False,34675.0,18.0,50.0,21.0,29.0,0.42,10.806,50.0,21.0,10.806,,,,17.0,7.0,10.43529411764706,18.0,5.0,11.16666666666666,17.0,8.0,11.65235294117647,5.0,4745.0,12100.0,24710.0,8.0,5.0,,,,,,,,,,,,,,,,,,,,,,,,,,,,,,,,,,,,
erh4-corona-open-j-bay-ct22f,Elimination Round,2,4,35.0,"July 13, 2022",2,Offshore,5.0,4-6',RIGHT,jeffreys-bay,POINTBREAK,corona-open-j-bay-ct22f,2022,2022-07-12T05:30:00.000Z,9,south-africa,2022,FEMALE,False,2,isabella-nichols,25.0,FEMALE,20-08-1997,australia,REGULAR,10.83,False,34675.0,18.0,50.0,21.0,29.0,0.42,10.806,50.0,21.0,10.806,,,,17.0,7.0,10.43529411764706,18.0,5.0,11.16666666666666,17.0,8.0,11.65235294117647,5.0,4745.0,12100.0,24710.0,8.0,5.0,1.0,1.0,gabriela-bryan,20.0,FEMALE,09-04-2002,hawaii,REGULAR,10.94,False,33020.0,9.0,27.0,10.0,17.0,0.3703703703703703,10.81148148148148,27.0,10.0,10.81148148148148,,,,12.0,4.0,9.951666666666666,9.0,4.0,12.37444444444444,4.0,1.0,12.1275,3.0,6085.0,11305.0,21715.0,20.0,4.0,,,,,,,,,,,,,,,,,,,,,,,,,,,,,,,,,,,,
finh1-corona-open-j-bay-ct22f,Final,5,1,40.0,"July 15, 2022",2,Light,5.0,4-6',RIGHT,jeffreys-bay,POINTBREAK,corona-open-j-bay-ct22f,2022,2022-07-12T05:30:00.000Z,9,south-africa,2022,FEMALE,True,1,tatiana-weston-webb,26.0,FEMALE,09-05-1996,brazil,GOOFY,17.5,False,35220.0,69.0,249.0,118.0,131.0,0.4738955823293173,12.23875502008032,250.0,118.0,12.23875502008032,6.0,3.0,14.20166666666667,56.0,29.0,12.25381818181818,80.0,36.0,12.25825,63.0,25.0,12.60968253968254,3.0,6085.0,14780.0,20000.0,2.0,6.0,6.0,1.0,tyler-wright,28.0,FEMALE,31-03-1994,australia,REGULAR,15.67,False,31270.0,95.0,350.0,214.0,136.0,0.6114285714285714,13.43642857142857,352.0,214.0,13.43642857142857,,,,31.0,19.0,12.541,126.0,79.0,14.04404761904763,102.0,61.0,14.26480392156863,9.0,2610.0,15220.0,22575.0,6.0,6.0,,,,,,,,,,,,,,,,,,,,,,,,,,,,,,,,,,,,
finh1-corona-open-j-bay-ct22f,Final,5,1,40.0,"July 15, 2022",2,Light,5.0,4-6',RIGHT,jeffreys-bay,POINTBREAK,corona-open-j-bay-ct22f,2022,2022-07-12T05:30:00.000Z,9,south-africa,2022,FEMALE,False,2,tyler-wright,28.0,FEMALE,31-03-1994,australia,REGULAR,15.67,False,31270.0,95.0,350.0,214.0,136.0,0.6114285714285714,13.43642857142857,352.0,214.0,13.43642857142857,,,,31.0,19.0,12.541,126.0,79.0,14.04404761904763,102.0,61.0,14.26480392156863,9.0,2610.0,15220.0,22575.0,6.0,6.0,6.0,5.0,tatiana-weston-webb,26.0,FEMALE,09-05-1996,brazil,GOOFY,17.5,False,35220.0,69.0,249.0,118.0,131.0,0.4738955823293173,12.23875502008032,250.0,118.0,12.23875502008032,6.0,3.0,14.20166666666667,56.0,29.0,12.25381818181818,80.0,36.0,12.25825,63.0,25.0,12.60968253968254,3.0,6085.0,14780.0,20000.0,2.0,6.0,,,,,,,,,,,,,,,,,,,,,,,,,,,,,,,,,,,,
erh1-corona-open-j-bay-ct22f,Elimination Round,2,1,35.0,"July 13, 2022",2,Offshore,5.0,4-6',RIGHT,jeffreys-bay,POINTBREAK,corona-open-j-bay-ct22f,2022,2022-07-12T05:30:00.000Z,9,south-africa,2022,FEMALE,True,1,johanne-defay,29.0,FEMALE,19-11-1993,france,REGULAR,13.1,False,47610.0,77.0,272.0,120.0,152.0,0.4411764705882353,12.20691176470587,272.0,120.0,12.20691176470587,7.0,2.0,13.60571428571428,53.0,27.0,11.73754716981132,82.0,31.0,12.26865853658537,74.0,31.0,12.44094594594595,2.0,7800.0,23885.0,33375.0,4.0,5.0,0.0,0.0,tia-blanco,25.0,FEMALE,05-05-1997,united-states,GOOFY,6.64,False,3655.0,2.0,4.0,,4.0,,7.2625,4.0,,7.2625,,,,2.0,,8.254999999999999,2.0,,8.254999999999999,2.0,,8.254999999999999,9.0,2610.0,3655.0,3655.0,,,,,,,,,,,,,,,,,,,,,,,,,,,,,,,,,,,,,,
erh1-corona-open-j-bay-ct22f,Elimination Round,2,1,35.0,"July 13, 2022",2,Offshore,5.0,4-6',RIGHT,jeffreys-bay,POINTBREAK,corona-open-j-bay-ct22f,2022,2022-07-12T05:30:00.000Z,9,south-africa,2022,FEMALE,False,2,tia-blanco,25.0,FEMALE,05-05-1997,united-states,GOOFY,6.64,False,3655.0,2.0,4.0,,4.0,,7.2625,4.0,,7.2625,,,,2.0,,8.254999999999999,2.0,,8.254999999999999,2.0,,8.254999999999999,9.0,2610.0,3655.0,3655.0,,,0.0,0.0,johanne-defay,29.0,FEMALE,19-11-1993,france,REGULAR,13.1,False,47610.0,77.0,272.0,120.0,152.0,0.4411764705882353,12.20691176470587,272.0,120.0,12.20691176470587,7.0,2.0,13.60571428571428,53.0,27.0,11.73754716981132,82.0,31.0,12.26865853658537,74.0,31.0,12.44094594594595,2.0,7800.0,23885.0,33375.0,4.0,5.0,,,,,,,,,,,,,,,,,,,,,,,,,,,,,,,,,,,,
orh3-corona-open-j-bay-ct22f,Opening Round,1,3,35.0,"July 13, 2022",3,Light,5.0,4-6',RIGHT,jeffreys-bay,POINTBREAK,corona-open-j-bay-ct22f,2022,2022-07-12T05:30:00.000Z,9,south-africa,2022,FEMALE,True,1,caroline-marks,20.0,FEMALE,14-02-2002,united-states,GOOFY,14.66,False,18665.0,37.0,95.0,48.0,47.0,0.5052631578947369,11.83768421052632,95.0,48.0,11.83768421052632,6.0,4.0,14.22333333333333,33.0,15.0,10.42575757575758,39.0,19.0,12.29435897435897,31.0,17.0,12.44258064516129,5.0,4745.0,11875.0,19230.0,6.0,5.0,,,johanne-defay,29.0,FEMALE,19-11-1993,france,REGULAR,12.17,False,47610.0,77.0,272.0,120.0,152.0,0.4411764705882353,12.20691176470587,272.0,120.0,12.20691176470587,7.0,2.0,13.60571428571428,53.0,27.0,11.73754716981132,82.0,31.0,12.26865853658537,74.0,31.0,12.44094594594595,2.0,7800.0,23885.0,33375.0,4.0,5.0,isabella-nichols,25.0,FEMALE,20-08-1997,australia,REGULAR,11.67,False,34675.0,18.0,50.0,21.0,29.0,0.42,10.806,50.0,21.0,10.806,,,,17.0,7.0,10.43529411764706,18.0,5.0,11.16666666666666,17.0,8.0,11.65235294117647,5.0,4745.0,12100.0,24710.0,8.0,5.0
orh3-corona-open-j-bay-ct22f,Opening Round,1,3,35.0,"July 13, 2022",3,Light,5.0,4-6',RIGHT,jeffreys-bay,POINTBREAK,corona-open-j-bay-ct22f,2022,2022-07-12T05:30:00.000Z,9,south-africa,2022,FEMALE,False,3,isabella-nichols,25.0,FEMALE,20-08-1997,australia,REGULAR,11.67,False,34675.0,18.0,50.0,21.0,29.0,0.42,10.806,50.0,21.0,10.806,,,,17.0,7.0,10.43529411764706,18.0,5.0,11.16666666666666,17.0,8.0,11.65235294117647,5.0,4745.0,12100.0,24710.0,8.0,5.0,,,johanne-defay,29.0,FEMALE,19-11-1993,france,REGULAR,12.17,False,47610.0,77.0,272.0,120.0,152.0,0.4411764705882353,12.20691176470587,272.0,120.0,12.20691176470587,7.0,2.0,13.60571428571428,53.0,27.0,11.73754716981132,82.0,31.0,12.26865853658537,74.0,31.0,12.44094594594595,2.0,7800.0,23885.0,33375.0,4.0,5.0,caroline-marks,20.0,FEMALE,14-02-2002,united-states,GOOFY,14.66,False,18665.0,37.0,95.0,48.0,47.0,0.5052631578947369,11.83768421052632,95.0,48.0,11.83768421052632,6.0,4.0,14.22333333333333,33.0,15.0,10.42575757575758,39.0,19.0,12.29435897435897,31.0,17.0,12.44258064516129,5.0,4745.0,11875.0,19230.0,6.0,5.0
orh3-corona-open-j-bay-ct22f,Opening Round,1,3,35.0,"July 13, 2022",3,Light,5.0,4-6',RIGHT,jeffreys-bay,POINTBREAK,corona-open-j-bay-ct22f,2022,2022-07-12T05:30:00.000Z,9,south-africa,2022,FEMALE,False,2,johanne-defay,29.0,FEMALE,19-11-1993,france,REGULAR,12.17,False,47610.0,77.0,272.0,120.0,152.0,0.4411764705882353,12.20691176470587,272.0,120.0,12.20691176470587,7.0,2.0,13.60571428571428,53.0,27.0,11.73754716981132,82.0,31.0,12.26865853658537,74.0,31.0,12.44094594594595,2.0,7800.0,23885.0,33375.0,4.0,5.0,,,isabella-nichols,25.0,FEMALE,20-08-1997,australia,REGULAR,11.67,False,34675.0,18.0,50.0,21.0,29.0,0.42,10.806,50.0,21.0,10.806,,,,17.0,7.0,10.43529411764706,18.0,5.0,11.16666666666666,17.0,8.0,11.65235294117647,5.0,4745.0,12100.0,24710.0,8.0,5.0,caroline-marks,20.0,FEMALE,14-02-2002,united-states,GOOFY,14.66,False,18665.0,37.0,95.0,48.0,47.0,0.5052631578947369,11.83768421052632,95.0,48.0,11.83768421052632,6.0,4.0,14.22333333333333,33.0,15.0,10.42575757575758,39.0,19.0,12.29435897435897,31.0,17.0,12.44258064516129,5.0,4745.0,11875.0,19230.0,6.0,5.0
orh2-corona-open-j-bay-ct22f,Opening Round,1,2,35.0,"July 12, 2022",3,Light,5.0,4-6',RIGHT,jeffreys-bay,POINTBREAK,corona-open-j-bay-ct22f,2022,2022-07-12T05:30:00.000Z,9,south-africa,2022,FEMALE,True,1,carissa-moore,30.0,FEMALE,27-08-1992,hawaii,REGULAR,14.5,False,49450.0,106.0,442.0,307.0,135.0,0.6945701357466063,14.10814479638009,442.0,307.0,14.10814479638009,8.0,6.0,13.92,61.0,40.0,13.54393442622951,144.0,101.0,14.54868055555555,122.0,85.0,14.81245901639344,1.0,10000.0,22545.0,32955.0,1.0,6.0,,,gabriela-bryan,20.0,FEMALE,09-04-2002,hawaii,REGULAR,14.17,False,33020.0,9.0,27.0,10.0,17.0,0.3703703703703703,10.81148148148148,27.0,10.0,10.81148148148148,,,,12.0,4.0,9.951666666666666,9.0,4.0,12.37444444444444,4.0,1.0,12.1275,3.0,6085.0,11305.0,21715.0,20.0,4.0,tia-blanco,25.0,FEMALE,05-05-1997,united-states,GOOFY,7.24,False,3655.0,2.0,4.0,,4.0,,7.2625,4.0,,7.2625,,,,2.0,,8.254999999999999,2.0,,8.254999999999999,2.0,,8.254999999999999,9.0,2610.0,3655.0,3655.0,,
orh2-corona-open-j-bay-ct22f,Opening Round,1,2,35.0,"July 12, 2022",3,Light,5.0,4-6',RIGHT,jeffreys-bay,POINTBREAK,corona-open-j-bay-ct22f,2022,2022-07-12T05:30:00.000Z,9,south-africa,2022,FEMALE,False,2,gabriela-bryan,20.0,FEMALE,09-04-2002,hawaii,REGULAR,14.17,False,33020.0,9.0,27.0,10.0,17.0,0.3703703703703703,10.81148148148148,27.0,10.0,10.81148148148148,,,,12.0,4.0,9.951666666666666,9.0,4.0,12.37444444444444,4.0,1.0,12.1275,3.0,6085.0,11305.0,21715.0,20.0,4.0,,,carissa-moore,30.0,FEMALE,27-08-1992,hawaii,REGULAR,14.5,False,49450.0,106.0,442.0,307.0,135.0,0.6945701357466063,14.10814479638009,442.0,307.0,14.10814479638009,8.0,6.0,13.92,61.0,40.0,13.54393442622951,144.0,101.0,14.54868055555555,122.0,85.0,14.81245901639344,1.0,10000.0,22545.0,32955.0,1.0,6.0,tia-blanco,25.0,FEMALE,05-05-1997,united-states,GOOFY,7.24,False,3655.0,2.0,4.0,,4.0,,7.2625,4.0,,7.2625,,,,2.0,,8.254999999999999,2.0,,8.254999999999999,2.0,,8.254999999999999,9.0,2610.0,3655.0,3655.0,,
orh2-corona-open-j-bay-ct22f,Opening Round,1,2,35.0,"July 12, 2022",3,Light,5.0,4-6',RIGHT,jeffreys-bay,POINTBREAK,corona-open-j-bay-ct22f,2022,2022-07-12T05:30:00.000Z,9,south-africa,2022,FEMALE,False,3,tia-blanco,25.0,FEMALE,05-05-1997,united-states,GOOFY,7.24,False,3655.0,2.0,4.0,,4.0,,7.2625,4.0,,7.2625,,,,2.0,,8.254999999999999,2.0,,8.254999999999999,2.0,,8.254999999999999,9.0,2610.0,3655.0,3655.0,,,,,carissa-moore,30.0,FEMALE,27-08-1992,hawaii,REGULAR,14.5,False,49450.0,106.0,442.0,307.0,135.0,0.6945701357466063,14.10814479638009,442.0,307.0,14.10814479638009,8.0,6.0,13.92,61.0,40.0,13.54393442622951,144.0,101.0,14.54868055555555,122.0,85.0,14.81245901639344,1.0,10000.0,22545.0,32955.0,1.0,6.0,gabriela-bryan,20.0,FEMALE,09-04-2002,hawaii,REGULAR,14.17,False,33020.0,9.0,27.0,10.0,17.0,0.3703703703703703,10.81148148148148,27.0,10.0,10.81148148148148,,,,12.0,4.0,9.951666666666666,9.0,4.0,12.37444444444444,4.0,1.0,12.1275,3.0,6085.0,11305.0,21715.0,20.0,4.0
qfh1-roxy-pro-g-land-ct22f,Quarterfinals,3,1,46.0,"June 3, 2022",2,Light,5.0,4-6',LEFT,g-land,REEFBREAK,roxy-pro-g-land-ct22f,2022,2022-05-28T00:30:00.000Z,6,indonesia,2022,FEMALE,True,1,carissa-moore,30.0,FEMALE,27-08-1992,hawaii,REGULAR,14.87,False,26905.0,103.0,430.0,299.0,131.0,0.6953488372093023,14.15369767441861,430.0,299.0,14.15369767441861,,,,50.0,33.0,13.8726,15.0,9.0,14.93066666666667,107.0,75.0,14.22383177570093,9.0,2610.0,16495.0,26905.0,1.0,6.0,26.0,14.0,sally-fitzgibbons,32.0,FEMALE,19-12-1990,australia,REGULAR,13.14,True,15185.0,103.0,404.0,256.0,148.0,0.6336633663366337,13.71938118811881,404.0,256.0,13.71938118811881,,,,43.0,24.0,11.57651162790698,19.0,15.0,14.64421052631579,100.0,63.0,13.3897,9.0,2610.0,9965.0,15185.0,3.0,5.0,,,,,,,,,,,,,,,,,,,,,,,,,,,,,,,,,,,,
qfh1-roxy-pro-g-land-ct22f,Quarterfinals,3,1,46.0,"June 3, 2022",2,Light,5.0,4-6',LEFT,g-land,REEFBREAK,roxy-pro-g-land-ct22f,2022,2022-05-28T00:30:00.000Z,6,indonesia,2022,FEMALE,False,2,sally-fitzgibbons,32.0,FEMALE,19-12-1990,australia,REGULAR,13.14,True,15185.0,103.0,404.0,256.0,148.0,0.6336633663366337,13.71938118811881,404.0,256.0,13.71938118811881,,,,43.0,24.0,11.57651162790698,19.0,15.0,14.64421052631579,100.0,63.0,13.3897,9.0,2610.0,9965.0,15185.0,3.0,5.0,26.0,12.0,carissa-moore,30.0,FEMALE,27-08-1992,hawaii,REGULAR,14.87,False,26905.0,103.0,430.0,299.0,131.0,0.6953488372093023,14.15369767441861,430.0,299.0,14.15369767441861,,,,50.0,33.0,13.8726,15.0,9.0,14.93066666666667,107.0,75.0,14.22383177570093,9.0,2610.0,16495.0,26905.0,1.0,6.0,,,,,,,,,,,,,,,,,,,,,,,,,,,,,,,,,,,,
orh1-roxy-pro-g-land-ct22f,Opening Round,1,1,35.0,"May 27, 2022",3,Light,2.5,1-4',LEFT,g-land,REEFBREAK,roxy-pro-g-land-ct22f,2022,2022-05-28T00:30:00.000Z,6,indonesia,2022,FEMALE,False,2,courtney-conlogue,30.0,FEMALE,25-08-1992,united-states,REGULAR,9.9,False,20570.0,90.0,332.0,187.0,145.0,0.5632530120481928,13.35198795180723,334.0,187.0,13.35198795180723,,,,41.0,22.0,12.0209756097561,12.0,9.0,12.32416666666666,74.0,40.0,12.83780821917808,3.0,6085.0,16915.0,20570.0,9.0,5.0,,,isabella-nichols,25.0,FEMALE,20-08-1997,australia,REGULAR,8.3,False,22575.0,15.0,43.0,19.0,24.0,0.4418604651162791,11.08860465116279,43.0,19.0,11.08860465116279,,,,18.0,10.0,11.35944444444444,,,,21.0,10.0,11.0852380952381,1.0,10000.0,15220.0,22575.0,8.0,5.0,stephanie-gilmore,34.0,FEMALE,29-01-1988,australia,REGULAR,10.4,False,19230.0,103.0,379.0,235.0,144.0,0.6200527704485488,13.45902374670185,380.0,235.0,13.45902374670185,,,,47.0,25.0,11.96297872340425,12.0,6.0,12.13916666666667,91.0,53.0,12.46488888888889,5.0,4745.0,15575.0,18185.0,5.0,4.0
orh1-roxy-pro-g-land-ct22f,Opening Round,1,1,35.0,"May 27, 2022",3,Light,2.5,1-4',LEFT,g-land,REEFBREAK,roxy-pro-g-land-ct22f,2022,2022-05-28T00:30:00.000Z,6,indonesia,2022,FEMALE,False,3,isabella-nichols,25.0,FEMALE,20-08-1997,australia,REGULAR,8.3,False,22575.0,15.0,43.0,19.0,24.0,0.4418604651162791,11.08860465116279,43.0,19.0,11.08860465116279,,,,18.0,10.0,11.35944444444444,,,,21.0,10.0,11.0852380952381,1.0,10000.0,15220.0,22575.0,8.0,5.0,,,courtney-conlogue,30.0,FEMALE,25-08-1992,united-states,REGULAR,9.9,False,20570.0,90.0,332.0,187.0,145.0,0.5632530120481928,13.35198795180723,334.0,187.0,13.35198795180723,,,,41.0,22.0,12.0209756097561,12.0,9.0,12.32416666666666,74.0,40.0,12.83780821917808,3.0,6085.0,16915.0,20570.0,9.0,5.0,stephanie-gilmore,34.0,FEMALE,29-01-1988,australia,REGULAR,10.4,False,19230.0,103.0,379.0,235.0,144.0,0.6200527704485488,13.45902374670185,380.0,235.0,13.45902374670185,,,,47.0,25.0,11.96297872340425,12.0,6.0,12.13916666666667,91.0,53.0,12.46488888888889,5.0,4745.0,15575.0,18185.0,5.0,4.0
orh1-roxy-pro-g-land-ct22f,Opening Round,1,1,35.0,"May 27, 2022",3,Light,2.5,1-4',LEFT,g-land,REEFBREAK,roxy-pro-g-land-ct22f,2022,2022-05-28T00:30:00.000Z,6,indonesia,2022,FEMALE,True,1,stephanie-gilmore,34.0,FEMALE,29-01-1988,australia,REGULAR,10.4,False,19230.0,103.0,379.0,235.0,144.0,0.6200527704485488,13.45902374670185,380.0,235.0,13.45902374670185,,,,47.0,25.0,11.96297872340425,12.0,6.0,12.13916666666667,91.0,53.0,12.46488888888889,5.0,4745.0,15575.0,18185.0,5.0,4.0,,,courtney-conlogue,30.0,FEMALE,25-08-1992,united-states,REGULAR,9.9,False,20570.0,90.0,332.0,187.0,145.0,0.5632530120481928,13.35198795180723,334.0,187.0,13.35198795180723,,,,41.0,22.0,12.0209756097561,12.0,9.0,12.32416666666666,74.0,40.0,12.83780821917808,3.0,6085.0,16915.0,20570.0,9.0,5.0,isabella-nichols,25.0,FEMALE,20-08-1997,australia,REGULAR,8.3,False,22575.0,15.0,43.0,19.0,24.0,0.4418604651162791,11.08860465116279,43.0,19.0,11.08860465116279,,,,18.0,10.0,11.35944444444444,,,,21.0,10.0,11.0852380952381,1.0,10000.0,15220.0,22575.0,8.0,5.0
sfh1-roxy-pro-g-land-ct22f,Semifinals,4,1,35.0,"June 3, 2022",2,Offshore,5.0,4-6',LEFT,g-land,REEFBREAK,roxy-pro-g-land-ct22f,2022,2022-05-28T00:30:00.000Z,6,indonesia,2022,FEMALE,True,1,carissa-moore,30.0,FEMALE,27-08-1992,hawaii,REGULAR,13.83,False,26905.0,103.0,430.0,299.0,131.0,0.6953488372093023,14.15369767441861,430.0,299.0,14.15369767441861,,,,50.0,33.0,13.8726,15.0,9.0,14.93066666666667,107.0,75.0,14.22383177570093,9.0,2610.0,16495.0,26905.0,1.0,6.0,14.0,8.0,tatiana-weston-webb,26.0,FEMALE,09-05-1996,brazil,GOOFY,7.5,False,20440.0,66.0,241.0,114.0,127.0,0.4730290456431535,12.28539419087137,242.0,114.0,12.28539419087137,,,,48.0,25.0,12.49553191489362,19.0,8.0,12.35578947368421,85.0,41.0,11.92070588235294,9.0,2610.0,15220.0,20440.0,2.0,6.0,,,,,,,,,,,,,,,,,,,,,,,,,,,,,,,,,,,,
sfh1-roxy-pro-g-land-ct22f,Semifinals,4,1,35.0,"June 3, 2022",2,Offshore,5.0,4-6',LEFT,g-land,REEFBREAK,roxy-pro-g-land-ct22f,2022,2022-05-28T00:30:00.000Z,6,indonesia,2022,FEMALE,False,2,tatiana-weston-webb,26.0,FEMALE,09-05-1996,brazil,GOOFY,7.5,False,20440.0,66.0,241.0,114.0,127.0,0.4730290456431535,12.28539419087137,242.0,114.0,12.28539419087137,,,,48.0,25.0,12.49553191489362,19.0,8.0,12.35578947368421,85.0,41.0,11.92070588235294,9.0,2610.0,15220.0,20440.0,2.0,6.0,14.0,6.0,carissa-moore,30.0,FEMALE,27-08-1992,hawaii,REGULAR,13.83,False,26905.0,103.0,430.0,299.0,131.0,0.6953488372093023,14.15369767441861,430.0,299.0,14.15369767441861,,,,50.0,33.0,13.8726,15.0,9.0,14.93066666666667,107.0,75.0,14.22383177570093,9.0,2610.0,16495.0,26905.0,1.0,6.0,,,,,,,,,,,,,,,,,,,,,,,,,,,,,,,,,,,,
finh1-roxy-pro-g-land-ct22f,Final,5,1,35.0,"June 4, 2022",2,Offshore,5.0,4-6',LEFT,g-land,REEFBREAK,roxy-pro-g-land-ct22f,2022,2022-05-28T00:30:00.000Z,6,indonesia,2022,FEMALE,False,2,carissa-moore,30.0,FEMALE,27-08-1992,hawaii,REGULAR,13.33,False,26905.0,103.0,430.0,299.0,131.0,0.6953488372093023,14.15369767441861,430.0,299.0,14.15369767441861,,,,50.0,33.0,13.8726,15.0,9.0,14.93066666666667,107.0,75.0,14.22383177570093,9.0,2610.0,16495.0,26905.0,1.0,6.0,9.0,7.0,johanne-defay,29.0,FEMALE,19-11-1993,france,REGULAR,14.0,False,23725.0,74.0,258.0,111.0,147.0,0.4302325581395348,12.22841085271317,258.0,111.0,12.22841085271317,,,,40.0,18.0,11.7485,23.0,14.0,13.70434782608696,86.0,37.0,11.935,5.0,4745.0,14235.0,23725.0,4.0,5.0,,,,,,,,,,,,,,,,,,,,,,,,,,,,,,,,,,,,
finh1-roxy-pro-g-land-ct22f,Final,5,1,35.0,"June 4, 2022",2,Offshore,5.0,4-6',LEFT,g-land,REEFBREAK,roxy-pro-g-land-ct22f,2022,2022-05-28T00:30:00.000Z,6,indonesia,2022,FEMALE,True,1,johanne-defay,29.0,FEMALE,19-11-1993,france,REGULAR,14.0,False,23725.0,74.0,258.0,111.0,147.0,0.4302325581395348,12.22841085271317,258.0,111.0,12.22841085271317,,,,40.0,18.0,11.7485,23.0,14.0,13.70434782608696,86.0,37.0,11.935,5.0,4745.0,14235.0,23725.0,4.0,5.0,9.0,2.0,carissa-moore,30.0,FEMALE,27-08-1992,hawaii,REGULAR,13.33,False,26905.0,103.0,430.0,299.0,131.0,0.6953488372093023,14.15369767441861,430.0,299.0,14.15369767441861,,,,50.0,33.0,13.8726,15.0,9.0,14.93066666666667,107.0,75.0,14.22383177570093,9.0,2610.0,16495.0,26905.0,1.0,6.0,,,,,,,,,,,,,,,,,,,,,,,,,,,,,,,,,,,,
qfh3-roxy-pro-g-land-ct22f,Quarterfinals,3,3,46.0,"June 3, 2022",2,Light,5.0,4-6',LEFT,g-land,REEFBREAK,roxy-pro-g-land-ct22f,2022,2022-05-28T00:30:00.000Z,6,indonesia,2022,FEMALE,False,2,brisa-hennessy,23.0,FEMALE,16-09-1999,costa-rica,REGULAR,9.83,False,28185.0,25.0,69.0,24.0,45.0,0.3478260869565217,10.56231884057971,69.0,24.0,10.56231884057971,,,,21.0,6.0,10.33761904761905,,,,36.0,17.0,10.97361111111111,5.0,4745.0,13440.0,28185.0,15.0,2.0,0.0,0.0,bronte-macaulay,28.0,FEMALE,09-01-1994,australia,GOOFY,12.43,False,14485.0,48.0,123.0,23.0,100.0,0.1869918699186991,10.3190243902439,123.0,23.0,10.3190243902439,,,,28.0,7.0,10.38107142857143,4.0,,10.195,46.0,12.0,10.22391304347826,3.0,6085.0,13440.0,17095.0,11.0,1.0,,,,,,,,,,,,,,,,,,,,,,,,,,,,,,,,,,,,
qfh3-roxy-pro-g-land-ct22f,Quarterfinals,3,3,46.0,"June 3, 2022",2,Light,5.0,4-6',LEFT,g-land,REEFBREAK,roxy-pro-g-land-ct22f,2022,2022-05-28T00:30:00.000Z,6,indonesia,2022,FEMALE,True,1,bronte-macaulay,28.0,FEMALE,09-01-1994,australia,GOOFY,12.43,False,14485.0,48.0,123.0,23.0,100.0,0.1869918699186991,10.3190243902439,123.0,23.0,10.3190243902439,,,,28.0,7.0,10.38107142857143,4.0,,10.195,46.0,12.0,10.22391304347826,3.0,6085.0,13440.0,17095.0,11.0,1.0,0.0,0.0,brisa-hennessy,23.0,FEMALE,16-09-1999,costa-rica,REGULAR,9.83,False,28185.0,25.0,69.0,24.0,45.0,0.3478260869565217,10.56231884057971,69.0,24.0,10.56231884057971,,,,21.0,6.0,10.33761904761905,,,,36.0,17.0,10.97361111111111,5.0,4745.0,13440.0,28185.0,15.0,2.0,,,,,,,,,,,,,,,,,,,,,,,,,,,,,,,,,,,,
orh4-roxy-pro-g-land-ct22f,Opening Round,1,4,35.0,"May 27, 2022",3,Offshore,5.0,4-6',LEFT,g-land,REEFBREAK,roxy-pro-g-land-ct22f,2022,2022-05-28T00:30:00.000Z,6,indonesia,2022,FEMALE,False,3,lakey-peterson,28.0,FEMALE,30-09-1994,united-states,REGULAR,9.16,False,21715.0,88.0,300.0,145.0,155.0,0.4833333333333333,12.74206666666667,300.0,145.0,12.74206666666667,,,,35.0,21.0,12.03885714285715,11.0,4.0,10.27636363636364,72.0,29.0,11.31611111111111,9.0,2610.0,13020.0,21715.0,18.0,3.0,,,tyler-wright,28.0,FEMALE,31-03-1994,australia,REGULAR,12.67,False,26050.0,92.0,349.0,214.0,135.0,0.6131805157593123,13.4386246418338,350.0,214.0,13.4386246418338,,,,29.0,19.0,12.53655172413793,16.0,5.0,12.018125,101.0,64.0,13.1722,9.0,2610.0,17355.0,26050.0,6.0,6.0,tatiana-weston-webb,26.0,FEMALE,09-05-1996,brazil,GOOFY,15.17,False,20440.0,66.0,241.0,114.0,127.0,0.4730290456431535,12.28539419087137,242.0,114.0,12.28539419087137,,,,48.0,25.0,12.49553191489362,19.0,8.0,12.35578947368421,85.0,41.0,11.92070588235294,9.0,2610.0,15220.0,20440.0,2.0,6.0
orh4-roxy-pro-g-land-ct22f,Opening Round,1,4,35.0,"May 27, 2022",3,Offshore,5.0,4-6',LEFT,g-land,REEFBREAK,roxy-pro-g-land-ct22f,2022,2022-05-28T00:30:00.000Z,6,indonesia,2022,FEMALE,True,1,tatiana-weston-webb,26.0,FEMALE,09-05-1996,brazil,GOOFY,15.17,False,20440.0,66.0,241.0,114.0,127.0,0.4730290456431535,12.28539419087137,242.0,114.0,12.28539419087137,,,,48.0,25.0,12.49553191489362,19.0,8.0,12.35578947368421,85.0,41.0,11.92070588235294,9.0,2610.0,15220.0,20440.0,2.0,6.0,,,tyler-wright,28.0,FEMALE,31-03-1994,australia,REGULAR,12.67,False,26050.0,92.0,349.0,214.0,135.0,0.6131805157593123,13.4386246418338,350.0,214.0,13.4386246418338,,,,29.0,19.0,12.53655172413793,16.0,5.0,12.018125,101.0,64.0,13.1722,9.0,2610.0,17355.0,26050.0,6.0,6.0,lakey-peterson,28.0,FEMALE,30-09-1994,united-states,REGULAR,9.16,False,21715.0,88.0,300.0,145.0,155.0,0.4833333333333333,12.74206666666667,300.0,145.0,12.74206666666667,,,,35.0,21.0,12.03885714285715,11.0,4.0,10.27636363636364,72.0,29.0,11.31611111111111,9.0,2610.0,13020.0,21715.0,18.0,3.0
orh4-roxy-pro-g-land-ct22f,Opening Round,1,4,35.0,"May 27, 2022",3,Offshore,5.0,4-6',LEFT,g-land,REEFBREAK,roxy-pro-g-land-ct22f,2022,2022-05-28T00:30:00.000Z,6,indonesia,2022,FEMALE,False,2,tyler-wright,28.0,FEMALE,31-03-1994,australia,REGULAR,12.67,False,26050.0,92.0,349.0,214.0,135.0,0.6131805157593123,13.4386246418338,350.0,214.0,13.4386246418338,,,,29.0,19.0,12.53655172413793,16.0,5.0,12.018125,101.0,64.0,13.1722,9.0,2610.0,17355.0,26050.0,6.0,6.0,,,tatiana-weston-webb,26.0,FEMALE,09-05-1996,brazil,GOOFY,15.17,False,20440.0,66.0,241.0,114.0,127.0,0.4730290456431535,12.28539419087137,242.0,114.0,12.28539419087137,,,,48.0,25.0,12.49553191489362,19.0,8.0,12.35578947368421,85.0,41.0,11.92070588235294,9.0,2610.0,15220.0,20440.0,2.0,6.0,lakey-peterson,28.0,FEMALE,30-09-1994,united-states,REGULAR,9.16,False,21715.0,88.0,300.0,145.0,155.0,0.4833333333333333,12.74206666666667,300.0,145.0,12.74206666666667,,,,35.0,21.0,12.03885714285715,11.0,4.0,10.27636363636364,72.0,29.0,11.31611111111111,9.0,2610.0,13020.0,21715.0,18.0,3.0
erh2-roxy-pro-g-land-ct22f,Elimination Round,2,2,35.0,"June 1, 2022",2,Light,5.0,4-6',LEFT,g-land,REEFBREAK,roxy-pro-g-land-ct22f,2022,2022-05-28T00:30:00.000Z,6,indonesia,2022,FEMALE,False,2,courtney-conlogue,30.0,FEMALE,25-08-1992,united-states,REGULAR,10.13,False,20570.0,90.0,332.0,187.0,145.0,0.5632530120481928,13.35198795180723,334.0,187.0,13.35198795180723,,,,25.0,11.0,12.2192,12.0,9.0,12.32416666666666,74.0,40.0,12.83780821917808,3.0,6085.0,16915.0,20570.0,9.0,5.0,7.0,4.0,johanne-defay,29.0,FEMALE,19-11-1993,france,REGULAR,13.97,False,23725.0,74.0,258.0,111.0,147.0,0.4302325581395348,12.22841085271317,258.0,111.0,12.22841085271317,,,,40.0,18.0,11.7485,23.0,14.0,13.70434782608696,86.0,37.0,11.935,5.0,4745.0,14235.0,23725.0,4.0,5.0,,,,,,,,,,,,,,,,,,,,,,,,,,,,,,,,,,,,
erh2-roxy-pro-g-land-ct22f,Elimination Round,2,2,35.0,"June 1, 2022",2,Light,5.0,4-6',LEFT,g-land,REEFBREAK,roxy-pro-g-land-ct22f,2022,2022-05-28T00:30:00.000Z,6,indonesia,2022,FEMALE,True,1,johanne-defay,29.0,FEMALE,19-11-1993,france,REGULAR,13.97,False,23725.0,74.0,258.0,111.0,147.0,0.4302325581395348,12.22841085271317,258.0,111.0,12.22841085271317,,,,40.0,18.0,11.7485,23.0,14.0,13.70434782608696,86.0,37.0,11.935,5.0,4745.0,14235.0,23725.0,4.0,5.0,7.0,3.0,courtney-conlogue,30.0,FEMALE,25-08-1992,united-states,REGULAR,10.13,False,20570.0,90.0,332.0,187.0,145.0,0.5632530120481928,13.35198795180723,334.0,187.0,13.35198795180723,,,,25.0,11.0,12.2192,12.0,9.0,12.32416666666666,74.0,40.0,12.83780821917808,3.0,6085.0,16915.0,20570.0,9.0,5.0,,,,,,,,,,,,,,,,,,,,,,,,,,,,,,,,,,,,
orh2-roxy-pro-g-land-ct22f,Opening Round,1,2,35.0,"May 27, 2022",3,Light,2.5,1-4',LEFT,g-land,REEFBREAK,roxy-pro-g-land-ct22f,2022,2022-05-28T00:30:00.000Z,6,indonesia,2022,FEMALE,True,1,brisa-hennessy,23.0,FEMALE,16-09-1999,costa-rica,REGULAR,13.83,False,28185.0,25.0,69.0,24.0,45.0,0.3478260869565217,10.56231884057971,69.0,24.0,10.56231884057971,,,,24.0,6.0,10.63083333333333,,,,36.0,17.0,10.97361111111111,5.0,4745.0,13440.0,28185.0,15.0,2.0,,,johanne-defay,29.0,FEMALE,19-11-1993,france,REGULAR,13.2,False,23725.0,74.0,258.0,111.0,147.0,0.4302325581395348,12.22841085271317,258.0,111.0,12.22841085271317,,,,43.0,19.0,11.80093023255814,23.0,14.0,13.70434782608696,86.0,37.0,11.935,5.0,4745.0,14235.0,23725.0,4.0,5.0,bronte-macaulay,28.0,FEMALE,09-01-1994,australia,GOOFY,13.27,False,14485.0,48.0,123.0,23.0,100.0,0.1869918699186991,10.3190243902439,123.0,23.0,10.3190243902439,,,,37.0,6.0,10.33675675675676,4.0,,10.195,46.0,12.0,10.22391304347826,3.0,6085.0,13440.0,17095.0,11.0,1.0
orh2-roxy-pro-g-land-ct22f,Opening Round,1,2,35.0,"May 27, 2022",3,Light,2.5,1-4',LEFT,g-land,REEFBREAK,roxy-pro-g-land-ct22f,2022,2022-05-28T00:30:00.000Z,6,indonesia,2022,FEMALE,False,2,bronte-macaulay,28.0,FEMALE,09-01-1994,australia,GOOFY,13.27,False,14485.0,48.0,123.0,23.0,100.0,0.1869918699186991,10.3190243902439,123.0,23.0,10.3190243902439,,,,37.0,6.0,10.33675675675676,4.0,,10.195,46.0,12.0,10.22391304347826,3.0,6085.0,13440.0,17095.0,11.0,1.0,,,johanne-defay,29.0,FEMALE,19-11-1993,france,REGULAR,13.2,False,23725.0,74.0,258.0,111.0,147.0,0.4302325581395348,12.22841085271317,258.0,111.0,12.22841085271317,,,,43.0,19.0,11.80093023255814,23.0,14.0,13.70434782608696,86.0,37.0,11.935,5.0,4745.0,14235.0,23725.0,4.0,5.0,brisa-hennessy,23.0,FEMALE,16-09-1999,costa-rica,REGULAR,13.83,False,28185.0,25.0,69.0,24.0,45.0,0.3478260869565217,10.56231884057971,69.0,24.0,10.56231884057971,,,,24.0,6.0,10.63083333333333,,,,36.0,17.0,10.97361111111111,5.0,4745.0,13440.0,28185.0,15.0,2.0
orh2-roxy-pro-g-land-ct22f,Opening Round,1,2,35.0,"May 27, 2022",3,Light,2.5,1-4',LEFT,g-land,REEFBREAK,roxy-pro-g-land-ct22f,2022,2022-05-28T00:30:00.000Z,6,indonesia,2022,FEMALE,False,3,johanne-defay,29.0,FEMALE,19-11-1993,france,REGULAR,13.2,False,23725.0,74.0,258.0,111.0,147.0,0.4302325581395348,12.22841085271317,258.0,111.0,12.22841085271317,,,,43.0,19.0,11.80093023255814,23.0,14.0,13.70434782608696,86.0,37.0,11.935,5.0,4745.0,14235.0,23725.0,4.0,5.0,,,bronte-macaulay,28.0,FEMALE,09-01-1994,australia,GOOFY,13.27,False,14485.0,48.0,123.0,23.0,100.0,0.1869918699186991,10.3190243902439,123.0,23.0,10.3190243902439,,,,37.0,6.0,10.33675675675676,4.0,,10.195,46.0,12.0,10.22391304347826,3.0,6085.0,13440.0,17095.0,11.0,1.0,brisa-hennessy,23.0,FEMALE,16-09-1999,costa-rica,REGULAR,13.83,False,28185.0,25.0,69.0,24.0,45.0,0.3478260869565217,10.56231884057971,69.0,24.0,10.56231884057971,,,,24.0,6.0,10.63083333333333,,,,36.0,17.0,10.97361111111111,5.0,4745.0,13440.0,28185.0,15.0,2.0
erh4-roxy-pro-g-land-ct22f,Elimination Round,2,4,35.0,"June 2, 2022",2,Light,5.0,4-6',LEFT,g-land,REEFBREAK,roxy-pro-g-land-ct22f,2022,2022-05-28T00:30:00.000Z,6,indonesia,2022,FEMALE,False,2,gabriela-bryan,20.0,FEMALE,09-04-2002,hawaii,REGULAR,10.83,False,21715.0,6.0,20.0,8.0,12.0,0.4,10.781,20.0,8.0,10.781,,,,6.0,2.0,9.695,,,,14.0,6.0,10.67714285714286,2.0,7800.0,13020.0,21715.0,20.0,3.0,0.0,0.0,lakey-peterson,28.0,FEMALE,30-09-1994,united-states,REGULAR,12.43,False,21715.0,88.0,300.0,145.0,155.0,0.4833333333333333,12.74206666666667,300.0,145.0,12.74206666666667,,,,35.0,21.0,12.03885714285715,11.0,4.0,10.27636363636364,72.0,29.0,11.31611111111111,9.0,2610.0,13020.0,21715.0,18.0,3.0,,,,,,,,,,,,,,,,,,,,,,,,,,,,,,,,,,,,
erh4-roxy-pro-g-land-ct22f,Elimination Round,2,4,35.0,"June 2, 2022",2,Light,5.0,4-6',LEFT,g-land,REEFBREAK,roxy-pro-g-land-ct22f,2022,2022-05-28T00:30:00.000Z,6,indonesia,2022,FEMALE,True,1,lakey-peterson,28.0,FEMALE,30-09-1994,united-states,REGULAR,12.43,False,21715.0,88.0,300.0,145.0,155.0,0.4833333333333333,12.74206666666667,300.0,145.0,12.74206666666667,,,,35.0,21.0,12.03885714285715,11.0,4.0,10.27636363636364,72.0,29.0,11.31611111111111,9.0,2610.0,13020.0,21715.0,18.0,3.0,0.0,0.0,gabriela-bryan,20.0,FEMALE,09-04-2002,hawaii,REGULAR,10.83,False,21715.0,6.0,20.0,8.0,12.0,0.4,10.781,20.0,8.0,10.781,,,,6.0,2.0,9.695,,,,14.0,6.0,10.67714285714286,2.0,7800.0,13020.0,21715.0,20.0,3.0,,,,,,,,,,,,,,,,,,,,,,,,,,,,,,,,,,,,
qfh4-roxy-pro-g-land-ct22f,Quarterfinals,3,4,46.0,"June 3, 2022",2,Calm,5.0,4-6',LEFT,g-land,REEFBREAK,roxy-pro-g-land-ct22f,2022,2022-05-28T00:30:00.000Z,6,indonesia,2022,FEMALE,True,1,johanne-defay,29.0,FEMALE,19-11-1993,france,REGULAR,12.9,False,23725.0,74.0,258.0,111.0,147.0,0.4302325581395348,12.22841085271317,258.0,111.0,12.22841085271317,,,,40.0,18.0,11.7485,23.0,14.0,13.70434782608696,86.0,37.0,11.935,5.0,4745.0,14235.0,23725.0,4.0,5.0,5.0,1.0,stephanie-gilmore,34.0,FEMALE,29-01-1988,australia,REGULAR,12.6,False,19230.0,103.0,379.0,235.0,144.0,0.6200527704485488,13.45902374670185,380.0,235.0,13.45902374670185,,,,49.0,36.0,12.81326530612245,12.0,6.0,12.13916666666667,91.0,53.0,12.46488888888889,5.0,4745.0,15575.0,18185.0,5.0,4.0,,,,,,,,,,,,,,,,,,,,,,,,,,,,,,,,,,,,
qfh4-roxy-pro-g-land-ct22f,Quarterfinals,3,4,46.0,"June 3, 2022",2,Calm,5.0,4-6',LEFT,g-land,REEFBREAK,roxy-pro-g-land-ct22f,2022,2022-05-28T00:30:00.000Z,6,indonesia,2022,FEMALE,False,2,stephanie-gilmore,34.0,FEMALE,29-01-1988,australia,REGULAR,12.6,False,19230.0,103.0,379.0,235.0,144.0,0.6200527704485488,13.45902374670185,380.0,235.0,13.45902374670185,,,,49.0,36.0,12.81326530612245,12.0,6.0,12.13916666666667,91.0,53.0,12.46488888888889,5.0,4745.0,15575.0,18185.0,5.0,4.0,5.0,4.0,johanne-defay,29.0,FEMALE,19-11-1993,france,REGULAR,12.9,False,23725.0,74.0,258.0,111.0,147.0,0.4302325581395348,12.22841085271317,258.0,111.0,12.22841085271317,,,,40.0,18.0,11.7485,23.0,14.0,13.70434782608696,86.0,37.0,11.935,5.0,4745.0,14235.0,23725.0,4.0,5.0,,,,,,,,,,,,,,,,,,,,,,,,,,,,,,,,,,,,
erh3-roxy-pro-g-land-ct22f,Elimination Round,2,3,35.0,"June 1, 2022",2,Light,5.0,4-6',LEFT,g-land,REEFBREAK,roxy-pro-g-land-ct22f,2022,2022-05-28T00:30:00.000Z,6,indonesia,2022,FEMALE,False,2,isabella-nichols,25.0,FEMALE,20-08-1997,australia,REGULAR,7.67,False,22575.0,15.0,43.0,19.0,24.0,0.4418604651162791,11.08860465116279,43.0,19.0,11.08860465116279,,,,11.0,5.0,11.11,,,,21.0,10.0,11.0852380952381,1.0,10000.0,15220.0,22575.0,8.0,5.0,0.0,0.0,sally-fitzgibbons,32.0,FEMALE,19-12-1990,australia,REGULAR,11.83,True,15185.0,103.0,404.0,256.0,148.0,0.6336633663366337,13.71938118811881,404.0,256.0,13.71938118811881,,,,43.0,24.0,11.57651162790698,19.0,15.0,14.64421052631579,100.0,63.0,13.3897,9.0,2610.0,9965.0,15185.0,3.0,5.0,,,,,,,,,,,,,,,,,,,,,,,,,,,,,,,,,,,,
erh3-roxy-pro-g-land-ct22f,Elimination Round,2,3,35.0,"June 1, 2022",2,Light,5.0,4-6',LEFT,g-land,REEFBREAK,roxy-pro-g-land-ct22f,2022,2022-05-28T00:30:00.000Z,6,indonesia,2022,FEMALE,True,1,sally-fitzgibbons,32.0,FEMALE,19-12-1990,australia,REGULAR,11.83,True,15185.0,103.0,404.0,256.0,148.0,0.6336633663366337,13.71938118811881,404.0,256.0,13.71938118811881,,,,43.0,24.0,11.57651162790698,19.0,15.0,14.64421052631579,100.0,63.0,13.3897,9.0,2610.0,9965.0,15185.0,3.0,5.0,0.0,0.0,isabella-nichols,25.0,FEMALE,20-08-1997,australia,REGULAR,7.67,False,22575.0,15.0,43.0,19.0,24.0,0.4418604651162791,11.08860465116279,43.0,19.0,11.08860465116279,,,,11.0,5.0,11.11,,,,21.0,10.0,11.0852380952381,1.0,10000.0,15220.0,22575.0,8.0,5.0,,,,,,,,,,,,,,,,,,,,,,,,,,,,,,,,,,,,
sfh2-roxy-pro-g-land-ct22f,Semifinals,4,2,35.0,"June 3, 2022",2,Offshore,5.0,4-6',LEFT,g-land,REEFBREAK,roxy-pro-g-land-ct22f,2022,2022-05-28T00:30:00.000Z,6,indonesia,2022,FEMALE,False,2,bronte-macaulay,28.0,FEMALE,09-01-1994,australia,GOOFY,13.33,False,14485.0,48.0,123.0,23.0,100.0,0.1869918699186991,10.3190243902439,123.0,23.0,10.3190243902439,,,,28.0,7.0,10.38107142857143,4.0,,10.195,46.0,12.0,10.22391304347826,3.0,6085.0,13440.0,17095.0,11.0,1.0,2.0,1.0,johanne-defay,29.0,FEMALE,19-11-1993,france,REGULAR,13.66,False,23725.0,74.0,258.0,111.0,147.0,0.4302325581395348,12.22841085271317,258.0,111.0,12.22841085271317,,,,40.0,18.0,11.7485,23.0,14.0,13.70434782608696,86.0,37.0,11.935,5.0,4745.0,14235.0,23725.0,4.0,5.0,,,,,,,,,,,,,,,,,,,,,,,,,,,,,,,,,,,,
sfh2-roxy-pro-g-land-ct22f,Semifinals,4,2,35.0,"June 3, 2022",2,Offshore,5.0,4-6',LEFT,g-land,REEFBREAK,roxy-pro-g-land-ct22f,2022,2022-05-28T00:30:00.000Z,6,indonesia,2022,FEMALE,True,1,johanne-defay,29.0,FEMALE,19-11-1993,france,REGULAR,13.66,False,23725.0,74.0,258.0,111.0,147.0,0.4302325581395348,12.22841085271317,258.0,111.0,12.22841085271317,,,,40.0,18.0,11.7485,23.0,14.0,13.70434782608696,86.0,37.0,11.935,5.0,4745.0,14235.0,23725.0,4.0,5.0,2.0,1.0,bronte-macaulay,28.0,FEMALE,09-01-1994,australia,GOOFY,13.33,False,14485.0,48.0,123.0,23.0,100.0,0.1869918699186991,10.3190243902439,123.0,23.0,10.3190243902439,,,,28.0,7.0,10.38107142857143,4.0,,10.195,46.0,12.0,10.22391304347826,3.0,6085.0,13440.0,17095.0,11.0,1.0,,,,,,,,,,,,,,,,,,,,,,,,,,,,,,,,,,,,
orh3-roxy-pro-g-land-ct22f,Opening Round,1,3,35.0,"May 27, 2022",3,Light,2.5,1-4',LEFT,g-land,REEFBREAK,roxy-pro-g-land-ct22f,2022,2022-05-28T00:30:00.000Z,6,indonesia,2022,FEMALE,True,1,carissa-moore,30.0,FEMALE,27-08-1992,hawaii,REGULAR,17.16,False,26905.0,103.0,430.0,299.0,131.0,0.6953488372093023,14.15369767441861,430.0,299.0,14.15369767441861,,,,56.0,38.0,13.43160714285714,15.0,9.0,14.93066666666667,107.0,75.0,14.22383177570093,9.0,2610.0,16495.0,26905.0,1.0,6.0,,,sally-fitzgibbons,32.0,FEMALE,19-12-1990,australia,REGULAR,9.3,True,15185.0,103.0,404.0,256.0,148.0,0.6336633663366337,13.71938118811881,404.0,256.0,13.71938118811881,,,,48.0,27.0,12.73666666666666,19.0,15.0,14.64421052631579,100.0,63.0,13.3897,9.0,2610.0,9965.0,15185.0,3.0,5.0,gabriela-bryan,20.0,FEMALE,09-04-2002,hawaii,REGULAR,15.04,False,21715.0,6.0,20.0,8.0,12.0,0.4,10.781,20.0,8.0,10.781,,,,3.0,1.0,9.21,,,,14.0,6.0,10.67714285714286,2.0,7800.0,13020.0,21715.0,20.0,3.0
orh3-roxy-pro-g-land-ct22f,Opening Round,1,3,35.0,"May 27, 2022",3,Light,2.5,1-4',LEFT,g-land,REEFBREAK,roxy-pro-g-land-ct22f,2022,2022-05-28T00:30:00.000Z,6,indonesia,2022,FEMALE,False,2,gabriela-bryan,20.0,FEMALE,09-04-2002,hawaii,REGULAR,15.04,False,21715.0,6.0,20.0,8.0,12.0,0.4,10.781,20.0,8.0,10.781,,,,3.0,1.0,9.21,,,,14.0,6.0,10.67714285714286,2.0,7800.0,13020.0,21715.0,20.0,3.0,,,sally-fitzgibbons,32.0,FEMALE,19-12-1990,australia,REGULAR,9.3,True,15185.0,103.0,404.0,256.0,148.0,0.6336633663366337,13.71938118811881,404.0,256.0,13.71938118811881,,,,48.0,27.0,12.73666666666666,19.0,15.0,14.64421052631579,100.0,63.0,13.3897,9.0,2610.0,9965.0,15185.0,3.0,5.0,carissa-moore,30.0,FEMALE,27-08-1992,hawaii,REGULAR,17.16,False,26905.0,103.0,430.0,299.0,131.0,0.6953488372093023,14.15369767441861,430.0,299.0,14.15369767441861,,,,56.0,38.0,13.43160714285714,15.0,9.0,14.93066666666667,107.0,75.0,14.22383177570093,9.0,2610.0,16495.0,26905.0,1.0,6.0
orh3-roxy-pro-g-land-ct22f,Opening Round,1,3,35.0,"May 27, 2022",3,Light,2.5,1-4',LEFT,g-land,REEFBREAK,roxy-pro-g-land-ct22f,2022,2022-05-28T00:30:00.000Z,6,indonesia,2022,FEMALE,False,3,sally-fitzgibbons,32.0,FEMALE,19-12-1990,australia,REGULAR,9.3,True,15185.0,103.0,404.0,256.0,148.0,0.6336633663366337,13.71938118811881,404.0,256.0,13.71938118811881,,,,48.0,27.0,12.73666666666666,19.0,15.0,14.64421052631579,100.0,63.0,13.3897,9.0,2610.0,9965.0,15185.0,3.0,5.0,,,gabriela-bryan,20.0,FEMALE,09-04-2002,hawaii,REGULAR,15.04,False,21715.0,6.0,20.0,8.0,12.0,0.4,10.781,20.0,8.0,10.781,,,,3.0,1.0,9.21,,,,14.0,6.0,10.67714285714286,2.0,7800.0,13020.0,21715.0,20.0,3.0,carissa-moore,30.0,FEMALE,27-08-1992,hawaii,REGULAR,17.16,False,26905.0,103.0,430.0,299.0,131.0,0.6953488372093023,14.15369767441861,430.0,299.0,14.15369767441861,,,,56.0,38.0,13.43160714285714,15.0,9.0,14.93066666666667,107.0,75.0,14.22383177570093,9.0,2610.0,16495.0,26905.0,1.0,6.0
qfh2-roxy-pro-g-land-ct22f,Quarterfinals,3,2,46.0,"June 3, 2022",2,Light,5.0,4-6',LEFT,g-land,REEFBREAK,roxy-pro-g-land-ct22f,2022,2022-05-28T00:30:00.000Z,6,indonesia,2022,FEMALE,False,2,lakey-peterson,28.0,FEMALE,30-09-1994,united-states,REGULAR,13.03,False,21715.0,88.0,300.0,145.0,155.0,0.4833333333333333,12.74206666666667,300.0,145.0,12.74206666666667,,,,35.0,21.0,12.03885714285715,11.0,4.0,10.27636363636364,72.0,29.0,11.31611111111111,9.0,2610.0,13020.0,21715.0,18.0,3.0,10.0,6.0,tatiana-weston-webb,26.0,FEMALE,09-05-1996,brazil,GOOFY,13.36,False,20440.0,66.0,241.0,114.0,127.0,0.4730290456431535,12.28539419087137,242.0,114.0,12.28539419087137,,,,48.0,25.0,12.49553191489362,19.0,8.0,12.35578947368421,85.0,41.0,11.92070588235294,9.0,2610.0,15220.0,20440.0,2.0,6.0,,,,,,,,,,,,,,,,,,,,,,,,,,,,,,,,,,,,
qfh2-roxy-pro-g-land-ct22f,Quarterfinals,3,2,46.0,"June 3, 2022",2,Light,5.0,4-6',LEFT,g-land,REEFBREAK,roxy-pro-g-land-ct22f,2022,2022-05-28T00:30:00.000Z,6,indonesia,2022,FEMALE,True,1,tatiana-weston-webb,26.0,FEMALE,09-05-1996,brazil,GOOFY,13.36,False,20440.0,66.0,241.0,114.0,127.0,0.4730290456431535,12.28539419087137,242.0,114.0,12.28539419087137,,,,48.0,25.0,12.49553191489362,19.0,8.0,12.35578947368421,85.0,41.0,11.92070588235294,9.0,2610.0,15220.0,20440.0,2.0,6.0,10.0,4.0,lakey-peterson,28.0,FEMALE,30-09-1994,united-states,REGULAR,13.03,False,21715.0,88.0,300.0,145.0,155.0,0.4833333333333333,12.74206666666667,300.0,145.0,12.74206666666667,,,,35.0,21.0,12.03885714285715,11.0,4.0,10.27636363636364,72.0,29.0,11.31611111111111,9.0,2610.0,13020.0,21715.0,18.0,3.0,,,,,,,,,,,,,,,,,,,,,,,,,,,,,,,,,,,,
erh2-hurley-pro-sunset-beach-ct22f,Elimination Round,2,2,30.0,"February 17, 2022",3,Light,7.0,6-8',RIGHT,sunset-beach,REEFBREAK,hurley-pro-sunset-beach-ct22f,2022,2022-02-11T17:30:00.000Z,2,hawaii,2022,FEMALE,False,3,bronte-macaulay,28.0,FEMALE,09-01-1994,australia,GOOFY,2.17,False,,44.0,111.0,20.0,91.0,0.1801801801801801,10.31495495495495,111.0,20.0,10.31495495495495,,,,5.0,1.0,11.056,48.0,11.0,11.02875,40.0,10.0,10.338,9.0,2610.0,11305.0,18660.0,11.0,1.0,,,isabella-nichols,25.0,FEMALE,20-08-1997,australia,REGULAR,10.77,False,4745.0,11.0,31.0,13.0,18.0,0.4193548387096774,11.01193548387096,31.0,13.0,11.01193548387096,,,,2.0,1.0,10.75,11.0,3.0,11.34636363636364,13.0,6.0,11.06692307692308,5.0,4745.0,12100.0,21590.0,8.0,4.0,gabriela-bryan,20.0,FEMALE,09-04-2002,hawaii,REGULAR,14.93,False,2610.0,2.0,4.0,,4.0,,6.467499999999999,4.0,,6.467499999999999,,,,1.0,,5.03,,,,3.0,,5.043333333333333,9.0,2610.0,5220.0,5220.0,20.0,
erh2-hurley-pro-sunset-beach-ct22f,Elimination Round,2,2,30.0,"February 17, 2022",3,Light,7.0,6-8',RIGHT,sunset-beach,REEFBREAK,hurley-pro-sunset-beach-ct22f,2022,2022-02-11T17:30:00.000Z,2,hawaii,2022,FEMALE,True,1,gabriela-bryan,20.0,FEMALE,09-04-2002,hawaii,REGULAR,14.93,False,2610.0,2.0,4.0,,4.0,,6.467499999999999,4.0,,6.467499999999999,,,,1.0,,5.03,,,,3.0,,5.043333333333333,9.0,2610.0,5220.0,5220.0,20.0,,,,isabella-nichols,25.0,FEMALE,20-08-1997,australia,REGULAR,10.77,False,4745.0,11.0,31.0,13.0,18.0,0.4193548387096774,11.01193548387096,31.0,13.0,11.01193548387096,,,,2.0,1.0,10.75,11.0,3.0,11.34636363636364,13.0,6.0,11.06692307692308,5.0,4745.0,12100.0,21590.0,8.0,4.0,bronte-macaulay,28.0,FEMALE,09-01-1994,australia,GOOFY,2.17,False,,44.0,111.0,20.0,91.0,0.1801801801801801,10.31495495495495,111.0,20.0,10.31495495495495,,,,5.0,1.0,11.056,48.0,11.0,11.02875,40.0,10.0,10.338,9.0,2610.0,11305.0,18660.0,11.0,1.0
erh2-hurley-pro-sunset-beach-ct22f,Elimination Round,2,2,30.0,"February 17, 2022",3,Light,7.0,6-8',RIGHT,sunset-beach,REEFBREAK,hurley-pro-sunset-beach-ct22f,2022,2022-02-11T17:30:00.000Z,2,hawaii,2022,FEMALE,False,2,isabella-nichols,25.0,FEMALE,20-08-1997,australia,REGULAR,10.77,False,4745.0,11.0,31.0,13.0,18.0,0.4193548387096774,11.01193548387096,31.0,13.0,11.01193548387096,,,,2.0,1.0,10.75,11.0,3.0,11.34636363636364,13.0,6.0,11.06692307692308,5.0,4745.0,12100.0,21590.0,8.0,4.0,,,gabriela-bryan,20.0,FEMALE,09-04-2002,hawaii,REGULAR,14.93,False,2610.0,2.0,4.0,,4.0,,6.467499999999999,4.0,,6.467499999999999,,,,1.0,,5.03,,,,3.0,,5.043333333333333,9.0,2610.0,5220.0,5220.0,20.0,,bronte-macaulay,28.0,FEMALE,09-01-1994,australia,GOOFY,2.17,False,,44.0,111.0,20.0,91.0,0.1801801801801801,10.31495495495495,111.0,20.0,10.31495495495495,,,,5.0,1.0,11.056,48.0,11.0,11.02875,40.0,10.0,10.338,9.0,2610.0,11305.0,18660.0,11.0,1.0
orh4-hurley-pro-sunset-beach-ct22f,Opening Round,1,4,30.0,"February 17, 2022",3,Light,7.0,6-8',RIGHT,sunset-beach,REEFBREAK,hurley-pro-sunset-beach-ct22f,2022,2022-02-11T17:30:00.000Z,2,hawaii,2022,FEMALE,True,1,brisa-hennessy,23.0,FEMALE,16-09-1999,costa-rica,REGULAR,13.04,False,4745.0,21.0,55.0,15.0,40.0,0.2727272727272727,10.16036363636364,55.0,15.0,10.16036363636364,,,,4.0,2.0,7.875,27.0,9.0,10.70555555555556,28.0,10.0,10.46928571428572,5.0,4745.0,9965.0,13620.0,15.0,2.0,,,luana-silva,18.0,FEMALE,07-05-2004,brazil,REGULAR,7.84,False,2610.0,1.0,3.0,1.0,2.0,0.3333333333333333,3.266666666666667,3.0,1.0,3.266666666666667,,,,1.0,,2.2,,,,3.0,1.0,3.266666666666667,9.0,2610.0,2610.0,2610.0,,1.0,sally-fitzgibbons,32.0,FEMALE,19-12-1990,australia,REGULAR,13.0,False,2610.0,99.0,394.0,252.0,142.0,0.6395939086294417,13.74058375634518,394.0,252.0,13.74058375634518,4.0,2.0,12.3375,3.0,2.0,13.08666666666667,123.0,75.0,13.92463414634147,96.0,62.0,13.426875,9.0,2610.0,8695.0,24780.0,3.0,5.0
orh4-hurley-pro-sunset-beach-ct22f,Opening Round,1,4,30.0,"February 17, 2022",3,Light,7.0,6-8',RIGHT,sunset-beach,REEFBREAK,hurley-pro-sunset-beach-ct22f,2022,2022-02-11T17:30:00.000Z,2,hawaii,2022,FEMALE,False,3,luana-silva,18.0,FEMALE,07-05-2004,brazil,REGULAR,7.84,False,2610.0,1.0,3.0,1.0,2.0,0.3333333333333333,3.266666666666667,3.0,1.0,3.266666666666667,,,,1.0,,2.2,,,,3.0,1.0,3.266666666666667,9.0,2610.0,2610.0,2610.0,,1.0,,,brisa-hennessy,23.0,FEMALE,16-09-1999,costa-rica,REGULAR,13.04,False,4745.0,21.0,55.0,15.0,40.0,0.2727272727272727,10.16036363636364,55.0,15.0,10.16036363636364,,,,4.0,2.0,7.875,27.0,9.0,10.70555555555556,28.0,10.0,10.46928571428572,5.0,4745.0,9965.0,13620.0,15.0,2.0,sally-fitzgibbons,32.0,FEMALE,19-12-1990,australia,REGULAR,13.0,False,2610.0,99.0,394.0,252.0,142.0,0.6395939086294417,13.74058375634518,394.0,252.0,13.74058375634518,4.0,2.0,12.3375,3.0,2.0,13.08666666666667,123.0,75.0,13.92463414634147,96.0,62.0,13.426875,9.0,2610.0,8695.0,24780.0,3.0,5.0
orh4-hurley-pro-sunset-beach-ct22f,Opening Round,1,4,30.0,"February 17, 2022",3,Light,7.0,6-8',RIGHT,sunset-beach,REEFBREAK,hurley-pro-sunset-beach-ct22f,2022,2022-02-11T17:30:00.000Z,2,hawaii,2022,FEMALE,False,2,sally-fitzgibbons,32.0,FEMALE,19-12-1990,australia,REGULAR,13.0,False,2610.0,99.0,394.0,252.0,142.0,0.6395939086294417,13.74058375634518,394.0,252.0,13.74058375634518,4.0,2.0,12.3375,3.0,2.0,13.08666666666667,123.0,75.0,13.92463414634147,96.0,62.0,13.426875,9.0,2610.0,8695.0,24780.0,3.0,5.0,,,brisa-hennessy,23.0,FEMALE,16-09-1999,costa-rica,REGULAR,13.04,False,4745.0,21.0,55.0,15.0,40.0,0.2727272727272727,10.16036363636364,55.0,15.0,10.16036363636364,,,,4.0,2.0,7.875,27.0,9.0,10.70555555555556,28.0,10.0,10.46928571428572,5.0,4745.0,9965.0,13620.0,15.0,2.0,luana-silva,18.0,FEMALE,07-05-2004,brazil,REGULAR,7.84,False,2610.0,1.0,3.0,1.0,2.0,0.3333333333333333,3.266666666666667,3.0,1.0,3.266666666666667,,,,1.0,,2.2,,,,3.0,1.0,3.266666666666667,9.0,2610.0,2610.0,2610.0,,1.0
orh3-hurley-pro-sunset-beach-ct22f,Opening Round,1,3,30.0,"February 17, 2022",3,Light,7.0,6-8',RIGHT,sunset-beach,REEFBREAK,hurley-pro-sunset-beach-ct22f,2022,2022-02-11T17:30:00.000Z,2,hawaii,2022,FEMALE,True,1,bettylou-sakura-johnson,17.0,FEMALE,21-03-2005,hawaii,REGULAR,14.84,False,2610.0,2.0,4.0,1.0,3.0,0.25,9.6625,4.0,1.0,9.6625,,,,1.0,,7.03,2.0,,12.08,4.0,1.0,9.6625,9.0,2610.0,5220.0,5220.0,20.0,1.0,,,moana-jones-wong,23.0,FEMALE,17-05-1999,hawaii,GOOFY,11.34,False,10000.0,1.0,5.0,5.0,,1.0,11.644,5.0,5.0,11.644,,,,4.0,4.0,12.6125,,,,5.0,5.0,11.644,1.0,10000.0,10000.0,10000.0,,5.0,carissa-moore,30.0,FEMALE,27-08-1992,hawaii,REGULAR,11.43,False,7800.0,99.0,417.0,293.0,124.0,0.7026378896882494,14.19976019184653,417.0,293.0,14.19976019184653,3.0,2.0,13.31,9.0,6.0,11.84888888888889,134.0,97.0,14.68791044776119,103.0,75.0,14.34126213592233,2.0,7800.0,13885.0,27770.0,1.0,6.0
orh3-hurley-pro-sunset-beach-ct22f,Opening Round,1,3,30.0,"February 17, 2022",3,Light,7.0,6-8',RIGHT,sunset-beach,REEFBREAK,hurley-pro-sunset-beach-ct22f,2022,2022-02-11T17:30:00.000Z,2,hawaii,2022,FEMALE,False,2,carissa-moore,30.0,FEMALE,27-08-1992,hawaii,REGULAR,11.43,False,7800.0,99.0,417.0,293.0,124.0,0.7026378896882494,14.19976019184653,417.0,293.0,14.19976019184653,3.0,2.0,13.31,9.0,6.0,11.84888888888889,134.0,97.0,14.68791044776119,103.0,75.0,14.34126213592233,2.0,7800.0,13885.0,27770.0,1.0,6.0,,,moana-jones-wong,23.0,FEMALE,17-05-1999,hawaii,GOOFY,11.34,False,10000.0,1.0,5.0,5.0,,1.0,11.644,5.0,5.0,11.644,,,,4.0,4.0,12.6125,,,,5.0,5.0,11.644,1.0,10000.0,10000.0,10000.0,,5.0,bettylou-sakura-johnson,17.0,FEMALE,21-03-2005,hawaii,REGULAR,14.84,False,2610.0,2.0,4.0,1.0,3.0,0.25,9.6625,4.0,1.0,9.6625,,,,1.0,,7.03,2.0,,12.08,4.0,1.0,9.6625,9.0,2610.0,5220.0,5220.0,20.0,1.0
orh3-hurley-pro-sunset-beach-ct22f,Opening Round,1,3,30.0,"February 17, 2022",3,Light,7.0,6-8',RIGHT,sunset-beach,REEFBREAK,hurley-pro-sunset-beach-ct22f,2022,2022-02-11T17:30:00.000Z,2,hawaii,2022,FEMALE,False,3,moana-jones-wong,23.0,FEMALE,17-05-1999,hawaii,GOOFY,11.34,False,10000.0,1.0,5.0,5.0,,1.0,11.644,5.0,5.0,11.644,,,,4.0,4.0,12.6125,,,,5.0,5.0,11.644,1.0,10000.0,10000.0,10000.0,,5.0,,,carissa-moore,30.0,FEMALE,27-08-1992,hawaii,REGULAR,11.43,False,7800.0,99.0,417.0,293.0,124.0,0.7026378896882494,14.19976019184653,417.0,293.0,14.19976019184653,3.0,2.0,13.31,9.0,6.0,11.84888888888889,134.0,97.0,14.68791044776119,103.0,75.0,14.34126213592233,2.0,7800.0,13885.0,27770.0,1.0,6.0,bettylou-sakura-johnson,17.0,FEMALE,21-03-2005,hawaii,REGULAR,14.84,False,2610.0,2.0,4.0,1.0,3.0,0.25,9.6625,4.0,1.0,9.6625,,,,1.0,,7.03,2.0,,12.08,4.0,1.0,9.6625,9.0,2610.0,5220.0,5220.0,20.0,1.0
sfh1-hurley-pro-sunset-beach-ct22f,Semifinals,5,1,35.0,"February 18, 2022",2,Calm,7.0,6-8',RIGHT,sunset-beach,REEFBREAK,hurley-pro-sunset-beach-ct22f,2022,2022-02-11T17:30:00.000Z,2,hawaii,2022,FEMALE,False,2,gabriela-bryan,20.0,FEMALE,09-04-2002,hawaii,REGULAR,10.23,False,2610.0,2.0,4.0,,4.0,,6.467499999999999,4.0,,6.467499999999999,,,,1.0,,5.03,,,,3.0,,5.043333333333333,9.0,2610.0,5220.0,5220.0,20.0,,0.0,0.0,malia-manuel,29.0,FEMALE,09-08-1993,hawaii,REGULAR,12.66,False,4745.0,84.0,272.0,110.0,162.0,0.4044117647058823,12.35139705882352,278.0,110.0,12.35139705882352,4.0,1.0,12.195,8.0,4.0,9.79625,97.0,40.0,12.66631578947369,79.0,32.0,12.27269230769231,5.0,4745.0,15155.0,22510.0,10.0,3.0,,,,,,,,,,,,,,,,,,,,,,,,,,,,,,,,,,,,
sfh1-hurley-pro-sunset-beach-ct22f,Semifinals,5,1,35.0,"February 18, 2022",2,Calm,7.0,6-8',RIGHT,sunset-beach,REEFBREAK,hurley-pro-sunset-beach-ct22f,2022,2022-02-11T17:30:00.000Z,2,hawaii,2022,FEMALE,True,1,malia-manuel,29.0,FEMALE,09-08-1993,hawaii,REGULAR,12.66,False,4745.0,84.0,272.0,110.0,162.0,0.4044117647058823,12.35139705882352,278.0,110.0,12.35139705882352,4.0,1.0,12.195,8.0,4.0,9.79625,97.0,40.0,12.66631578947369,79.0,32.0,12.27269230769231,5.0,4745.0,15155.0,22510.0,10.0,3.0,0.0,0.0,gabriela-bryan,20.0,FEMALE,09-04-2002,hawaii,REGULAR,10.23,False,2610.0,2.0,4.0,,4.0,,6.467499999999999,4.0,,6.467499999999999,,,,1.0,,5.03,,,,3.0,,5.043333333333333,9.0,2610.0,5220.0,5220.0,20.0,,,,,,,,,,,,,,,,,,,,,,,,,,,,,,,,,,,,,
r16h7-hurley-pro-sunset-beach-ct22f,Round of 16,3,7,40.0,"February 17, 2022",2,Light,7.0,6-8',RIGHT,sunset-beach,REEFBREAK,hurley-pro-sunset-beach-ct22f,2022,2022-02-11T17:30:00.000Z,2,hawaii,2022,FEMALE,True,1,india-robinson,22.0,FEMALE,01-11-2000,australia,REGULAR,14.77,False,2610.0,1.0,2.0,,2.0,,1.47,2.0,,1.47,,,,1.0,,,,,,2.0,,1.47,9.0,2610.0,2610.0,2610.0,,,0.0,0.0,sally-fitzgibbons,32.0,FEMALE,19-12-1990,australia,REGULAR,11.33,False,2610.0,99.0,394.0,252.0,142.0,0.6395939086294417,13.74058375634518,394.0,252.0,13.74058375634518,4.0,2.0,12.3375,3.0,2.0,13.08666666666667,123.0,75.0,13.92463414634147,96.0,62.0,13.426875,9.0,2610.0,8695.0,24780.0,3.0,5.0,,,,,,,,,,,,,,,,,,,,,,,,,,,,,,,,,,,,
r16h7-hurley-pro-sunset-beach-ct22f,Round of 16,3,7,40.0,"February 17, 2022",2,Light,7.0,6-8',RIGHT,sunset-beach,REEFBREAK,hurley-pro-sunset-beach-ct22f,2022,2022-02-11T17:30:00.000Z,2,hawaii,2022,FEMALE,False,2,sally-fitzgibbons,32.0,FEMALE,19-12-1990,australia,REGULAR,11.33,False,2610.0,99.0,394.0,252.0,142.0,0.6395939086294417,13.74058375634518,394.0,252.0,13.74058375634518,4.0,2.0,12.3375,3.0,2.0,13.08666666666667,123.0,75.0,13.92463414634147,96.0,62.0,13.426875,9.0,2610.0,8695.0,24780.0,3.0,5.0,0.0,0.0,india-robinson,22.0,FEMALE,01-11-2000,australia,REGULAR,14.77,False,2610.0,1.0,2.0,,2.0,,1.47,2.0,,1.47,,,,1.0,,,,,,2.0,,1.47,9.0,2610.0,2610.0,2610.0,,,,,,,,,,,,,,,,,,,,,,,,,,,,,,,,,,,,,,
r16h4-hurley-pro-sunset-beach-ct22f,Round of 16,3,4,40.0,"February 17, 2022",2,Light,7.0,6-8',RIGHT,sunset-beach,REEFBREAK,hurley-pro-sunset-beach-ct22f,2022,2022-02-11T17:30:00.000Z,2,hawaii,2022,FEMALE,True,1,gabriela-bryan,20.0,FEMALE,09-04-2002,hawaii,REGULAR,13.16,False,2610.0,2.0,4.0,,4.0,,6.467499999999999,4.0,,6.467499999999999,,,,1.0,,5.03,,,,3.0,,5.043333333333333,9.0,2610.0,5220.0,5220.0,20.0,,0.0,0.0,stephanie-gilmore,34.0,FEMALE,29-01-1988,australia,REGULAR,12.44,False,1045.0,99.0,366.0,230.0,136.0,0.6284153005464481,13.52896174863388,367.0,230.0,13.52896174863388,4.0,2.0,12.995,6.0,4.0,12.60666666666667,145.0,106.0,14.2335172413793,85.0,52.0,12.61619047619048,5.0,,14745.0,25155.0,5.0,4.0,,,,,,,,,,,,,,,,,,,,,,,,,,,,,,,,,,,,
r16h4-hurley-pro-sunset-beach-ct22f,Round of 16,3,4,40.0,"February 17, 2022",2,Light,7.0,6-8',RIGHT,sunset-beach,REEFBREAK,hurley-pro-sunset-beach-ct22f,2022,2022-02-11T17:30:00.000Z,2,hawaii,2022,FEMALE,False,2,stephanie-gilmore,34.0,FEMALE,29-01-1988,australia,REGULAR,12.44,False,1045.0,99.0,366.0,230.0,136.0,0.6284153005464481,13.52896174863388,367.0,230.0,13.52896174863388,4.0,2.0,12.995,6.0,4.0,12.60666666666667,145.0,106.0,14.2335172413793,85.0,52.0,12.61619047619048,5.0,,14745.0,25155.0,5.0,4.0,0.0,0.0,gabriela-bryan,20.0,FEMALE,09-04-2002,hawaii,REGULAR,13.16,False,2610.0,2.0,4.0,,4.0,,6.467499999999999,4.0,,6.467499999999999,,,,1.0,,5.03,,,,3.0,,5.043333333333333,9.0,2610.0,5220.0,5220.0,20.0,,,,,,,,,,,,,,,,,,,,,,,,,,,,,,,,,,,,,
qfh1-hurley-pro-sunset-beach-ct22f,Quarterfinals,4,1,40.0,"February 17, 2022",2,Light,7.0,6-8',RIGHT,sunset-beach,REEFBREAK,hurley-pro-sunset-beach-ct22f,2022,2022-02-11T17:30:00.000Z,2,hawaii,2022,FEMALE,False,2,johanne-defay,29.0,FEMALE,19-11-1993,france,REGULAR,10.06,False,4745.0,70.0,246.0,105.0,141.0,0.4268292682926829,12.23459349593495,246.0,105.0,12.23459349593495,,,,6.0,2.0,11.07833333333333,72.0,26.0,12.22638888888889,80.0,34.0,11.968625,5.0,4745.0,9490.0,27290.0,4.0,5.0,8.0,2.0,malia-manuel,29.0,FEMALE,09-08-1993,hawaii,REGULAR,11.67,False,4745.0,84.0,272.0,110.0,162.0,0.4044117647058823,12.35139705882352,278.0,110.0,12.35139705882352,4.0,1.0,12.195,8.0,4.0,9.79625,97.0,40.0,12.66631578947369,79.0,32.0,12.27269230769231,5.0,4745.0,15155.0,22510.0,10.0,3.0,,,,,,,,,,,,,,,,,,,,,,,,,,,,,,,,,,,,
qfh1-hurley-pro-sunset-beach-ct22f,Quarterfinals,4,1,40.0,"February 17, 2022",2,Light,7.0,6-8',RIGHT,sunset-beach,REEFBREAK,hurley-pro-sunset-beach-ct22f,2022,2022-02-11T17:30:00.000Z,2,hawaii,2022,FEMALE,True,1,malia-manuel,29.0,FEMALE,09-08-1993,hawaii,REGULAR,11.67,False,4745.0,84.0,272.0,110.0,162.0,0.4044117647058823,12.35139705882352,278.0,110.0,12.35139705882352,4.0,1.0,12.195,8.0,4.0,9.79625,97.0,40.0,12.66631578947369,79.0,32.0,12.27269230769231,5.0,4745.0,15155.0,22510.0,10.0,3.0,8.0,6.0,johanne-defay,29.0,FEMALE,19-11-1993,france,REGULAR,10.06,False,4745.0,70.0,246.0,105.0,141.0,0.4268292682926829,12.23459349593495,246.0,105.0,12.23459349593495,,,,6.0,2.0,11.07833333333333,72.0,26.0,12.22638888888889,80.0,34.0,11.968625,5.0,4745.0,9490.0,27290.0,4.0,5.0,,,,,,,,,,,,,,,,,,,,,,,,,,,,,,,,,,,,
r16h6-hurley-pro-sunset-beach-ct22f,Round of 16,3,6,40.0,"February 17, 2022",2,Light,7.0,6-8',RIGHT,sunset-beach,REEFBREAK,hurley-pro-sunset-beach-ct22f,2022,2022-02-11T17:30:00.000Z,2,hawaii,2022,FEMALE,True,1,brisa-hennessy,23.0,FEMALE,16-09-1999,costa-rica,REGULAR,12.34,False,4745.0,21.0,55.0,15.0,40.0,0.2727272727272727,10.16036363636364,55.0,15.0,10.16036363636364,,,,4.0,2.0,7.875,27.0,9.0,10.70555555555556,28.0,10.0,10.46928571428572,5.0,4745.0,9965.0,13620.0,15.0,2.0,0.0,0.0,isabella-nichols,25.0,FEMALE,20-08-1997,australia,REGULAR,10.27,False,4745.0,11.0,31.0,13.0,18.0,0.4193548387096774,11.01193548387096,31.0,13.0,11.01193548387096,,,,2.0,1.0,10.75,11.0,3.0,11.34636363636364,13.0,6.0,11.06692307692308,5.0,4745.0,12100.0,21590.0,8.0,4.0,,,,,,,,,,,,,,,,,,,,,,,,,,,,,,,,,,,,
r16h6-hurley-pro-sunset-beach-ct22f,Round of 16,3,6,40.0,"February 17, 2022",2,Light,7.0,6-8',RIGHT,sunset-beach,REEFBREAK,hurley-pro-sunset-beach-ct22f,2022,2022-02-11T17:30:00.000Z,2,hawaii,2022,FEMALE,False,2,isabella-nichols,25.0,FEMALE,20-08-1997,australia,REGULAR,10.27,False,4745.0,11.0,31.0,13.0,18.0,0.4193548387096774,11.01193548387096,31.0,13.0,11.01193548387096,,,,2.0,1.0,10.75,11.0,3.0,11.34636363636364,13.0,6.0,11.06692307692308,5.0,4745.0,12100.0,21590.0,8.0,4.0,0.0,0.0,brisa-hennessy,23.0,FEMALE,16-09-1999,costa-rica,REGULAR,12.34,False,4745.0,21.0,55.0,15.0,40.0,0.2727272727272727,10.16036363636364,55.0,15.0,10.16036363636364,,,,4.0,2.0,7.875,27.0,9.0,10.70555555555556,28.0,10.0,10.46928571428572,5.0,4745.0,9965.0,13620.0,15.0,2.0,,,,,,,,,,,,,,,,,,,,,,,,,,,,,,,,,,,,
finh1-hurley-pro-sunset-beach-ct22f,Final,6,1,35.0,"February 18, 2022",2,Calm,7.0,6-8',RIGHT,sunset-beach,REEFBREAK,hurley-pro-sunset-beach-ct22f,2022,2022-02-11T17:30:00.000Z,2,hawaii,2022,FEMALE,True,1,brisa-hennessy,23.0,FEMALE,16-09-1999,costa-rica,REGULAR,12.83,False,4745.0,21.0,55.0,15.0,40.0,0.2727272727272727,10.16036363636364,55.0,15.0,10.16036363636364,,,,4.0,2.0,7.875,27.0,9.0,10.70555555555556,28.0,10.0,10.46928571428572,5.0,4745.0,9965.0,13620.0,15.0,2.0,2.0,1.0,malia-manuel,29.0,FEMALE,09-08-1993,hawaii,REGULAR,7.46,False,4745.0,84.0,272.0,110.0,162.0,0.4044117647058823,12.35139705882352,278.0,110.0,12.35139705882352,4.0,1.0,12.195,8.0,4.0,9.79625,97.0,40.0,12.66631578947369,79.0,32.0,12.27269230769231,5.0,4745.0,15155.0,22510.0,10.0,3.0,,,,,,,,,,,,,,,,,,,,,,,,,,,,,,,,,,,,
finh1-hurley-pro-sunset-beach-ct22f,Final,6,1,35.0,"February 18, 2022",2,Calm,7.0,6-8',RIGHT,sunset-beach,REEFBREAK,hurley-pro-sunset-beach-ct22f,2022,2022-02-11T17:30:00.000Z,2,hawaii,2022,FEMALE,False,2,malia-manuel,29.0,FEMALE,09-08-1993,hawaii,REGULAR,7.46,False,4745.0,84.0,272.0,110.0,162.0,0.4044117647058823,12.35139705882352,278.0,110.0,12.35139705882352,4.0,1.0,12.195,8.0,4.0,9.79625,97.0,40.0,12.66631578947369,79.0,32.0,12.27269230769231,5.0,4745.0,15155.0,22510.0,10.0,3.0,2.0,1.0,brisa-hennessy,23.0,FEMALE,16-09-1999,costa-rica,REGULAR,12.83,False,4745.0,21.0,55.0,15.0,40.0,0.2727272727272727,10.16036363636364,55.0,15.0,10.16036363636364,,,,4.0,2.0,7.875,27.0,9.0,10.70555555555556,28.0,10.0,10.46928571428572,5.0,4745.0,9965.0,13620.0,15.0,2.0,,,,,,,,,,,,,,,,,,,,,,,,,,,,,,,,,,,,
orh6-hurley-pro-sunset-beach-ct22f,Opening Round,1,6,30.0,"February 17, 2022",3,Light,7.0,6-8',RIGHT,sunset-beach,REEFBREAK,hurley-pro-sunset-beach-ct22f,2022,2022-02-11T17:30:00.000Z,2,hawaii,2022,FEMALE,False,2,india-robinson,22.0,FEMALE,01-11-2000,australia,REGULAR,9.5,False,2610.0,1.0,2.0,,2.0,,1.47,2.0,,1.47,,,,1.0,,,,,,2.0,,1.47,9.0,2610.0,2610.0,2610.0,,,,,stephanie-gilmore,34.0,FEMALE,29-01-1988,australia,REGULAR,5.84,False,1045.0,99.0,366.0,230.0,136.0,0.6284153005464481,13.52896174863388,367.0,230.0,13.52896174863388,4.0,2.0,12.995,6.0,4.0,12.60666666666667,145.0,106.0,14.2335172413793,85.0,52.0,12.61619047619048,5.0,,14745.0,25155.0,5.0,4.0,tyler-wright,28.0,FEMALE,31-03-1994,australia,REGULAR,14.43,False,6085.0,88.0,336.0,206.0,130.0,0.6130952380952381,13.44425595238095,337.0,206.0,13.44425595238095,5.0,3.0,13.574,3.0,2.0,7.933333333333333,119.0,74.0,14.01630252100841,97.0,62.0,13.16302083333333,3.0,6085.0,14780.0,22135.0,6.0,6.0
orh6-hurley-pro-sunset-beach-ct22f,Opening Round,1,6,30.0,"February 17, 2022",3,Light,7.0,6-8',RIGHT,sunset-beach,REEFBREAK,hurley-pro-sunset-beach-ct22f,2022,2022-02-11T17:30:00.000Z,2,hawaii,2022,FEMALE,False,3,stephanie-gilmore,34.0,FEMALE,29-01-1988,australia,REGULAR,5.84,False,1045.0,99.0,366.0,230.0,136.0,0.6284153005464481,13.52896174863388,367.0,230.0,13.52896174863388,4.0,2.0,12.995,6.0,4.0,12.60666666666667,145.0,106.0,14.2335172413793,85.0,52.0,12.61619047619048,5.0,,14745.0,25155.0,5.0,4.0,,,india-robinson,22.0,FEMALE,01-11-2000,australia,REGULAR,9.5,False,2610.0,1.0,2.0,,2.0,,1.47,2.0,,1.47,,,,1.0,,,,,,2.0,,1.47,9.0,2610.0,2610.0,2610.0,,,tyler-wright,28.0,FEMALE,31-03-1994,australia,REGULAR,14.43,False,6085.0,88.0,336.0,206.0,130.0,0.6130952380952381,13.44425595238095,337.0,206.0,13.44425595238095,5.0,3.0,13.574,3.0,2.0,7.933333333333333,119.0,74.0,14.01630252100841,97.0,62.0,13.16302083333333,3.0,6085.0,14780.0,22135.0,6.0,6.0
orh6-hurley-pro-sunset-beach-ct22f,Opening Round,1,6,30.0,"February 17, 2022",3,Light,7.0,6-8',RIGHT,sunset-beach,REEFBREAK,hurley-pro-sunset-beach-ct22f,2022,2022-02-11T17:30:00.000Z,2,hawaii,2022,FEMALE,True,1,tyler-wright,28.0,FEMALE,31-03-1994,australia,REGULAR,14.43,False,6085.0,88.0,336.0,206.0,130.0,0.6130952380952381,13.44425595238095,337.0,206.0,13.44425595238095,5.0,3.0,13.574,3.0,2.0,7.933333333333333,119.0,74.0,14.01630252100841,97.0,62.0,13.16302083333333,3.0,6085.0,14780.0,22135.0,6.0,6.0,,,india-robinson,22.0,FEMALE,01-11-2000,australia,REGULAR,9.5,False,2610.0,1.0,2.0,,2.0,,1.47,2.0,,1.47,,,,1.0,,,,,,2.0,,1.47,9.0,2610.0,2610.0,2610.0,,,stephanie-gilmore,34.0,FEMALE,29-01-1988,australia,REGULAR,5.84,False,1045.0,99.0,366.0,230.0,136.0,0.6284153005464481,13.52896174863388,367.0,230.0,13.52896174863388,4.0,2.0,12.995,6.0,4.0,12.60666666666667,145.0,106.0,14.2335172413793,85.0,52.0,12.61619047619048,5.0,,14745.0,25155.0,5.0,4.0
orh2-hurley-pro-sunset-beach-ct22f,Opening Round,1,2,30.0,"February 17, 2022",3,Light,7.0,6-8',RIGHT,sunset-beach,REEFBREAK,hurley-pro-sunset-beach-ct22f,2022,2022-02-11T17:30:00.000Z,2,hawaii,2022,FEMALE,False,3,bronte-macaulay,28.0,FEMALE,09-01-1994,australia,GOOFY,9.2,False,,44.0,111.0,20.0,91.0,0.1801801801801801,10.31495495495495,111.0,20.0,10.31495495495495,,,,5.0,1.0,11.056,48.0,11.0,11.02875,40.0,10.0,10.338,9.0,2610.0,11305.0,18660.0,11.0,1.0,,,malia-manuel,29.0,FEMALE,09-08-1993,hawaii,REGULAR,14.0,False,4745.0,84.0,272.0,110.0,162.0,0.4044117647058823,12.35139705882352,278.0,110.0,12.35139705882352,4.0,1.0,12.195,8.0,4.0,9.79625,97.0,40.0,12.66631578947369,79.0,32.0,12.27269230769231,5.0,4745.0,15155.0,22510.0,10.0,3.0,tatiana-weston-webb,26.0,FEMALE,09-05-1996,brazil,GOOFY,9.4,False,2610.0,62.0,229.0,108.0,121.0,0.4716157205240174,12.28847161572052,230.0,108.0,12.28847161572052,,,,5.0,3.0,12.236,74.0,35.0,12.42189189189189,80.0,40.0,11.96525,9.0,2610.0,7355.0,14485.0,2.0,6.0
orh2-hurley-pro-sunset-beach-ct22f,Opening Round,1,2,30.0,"February 17, 2022",3,Light,7.0,6-8',RIGHT,sunset-beach,REEFBREAK,hurley-pro-sunset-beach-ct22f,2022,2022-02-11T17:30:00.000Z,2,hawaii,2022,FEMALE,True,1,malia-manuel,29.0,FEMALE,09-08-1993,hawaii,REGULAR,14.0,False,4745.0,84.0,272.0,110.0,162.0,0.4044117647058823,12.35139705882352,278.0,110.0,12.35139705882352,4.0,1.0,12.195,8.0,4.0,9.79625,97.0,40.0,12.66631578947369,79.0,32.0,12.27269230769231,5.0,4745.0,15155.0,22510.0,10.0,3.0,,,bronte-macaulay,28.0,FEMALE,09-01-1994,australia,GOOFY,9.2,False,,44.0,111.0,20.0,91.0,0.1801801801801801,10.31495495495495,111.0,20.0,10.31495495495495,,,,5.0,1.0,11.056,48.0,11.0,11.02875,40.0,10.0,10.338,9.0,2610.0,11305.0,18660.0,11.0,1.0,tatiana-weston-webb,26.0,FEMALE,09-05-1996,brazil,GOOFY,9.4,False,2610.0,62.0,229.0,108.0,121.0,0.4716157205240174,12.28847161572052,230.0,108.0,12.28847161572052,,,,5.0,3.0,12.236,74.0,35.0,12.42189189189189,80.0,40.0,11.96525,9.0,2610.0,7355.0,14485.0,2.0,6.0
orh2-hurley-pro-sunset-beach-ct22f,Opening Round,1,2,30.0,"February 17, 2022",3,Light,7.0,6-8',RIGHT,sunset-beach,REEFBREAK,hurley-pro-sunset-beach-ct22f,2022,2022-02-11T17:30:00.000Z,2,hawaii,2022,FEMALE,False,2,tatiana-weston-webb,26.0,FEMALE,09-05-1996,brazil,GOOFY,9.4,False,2610.0,62.0,229.0,108.0,121.0,0.4716157205240174,12.28847161572052,230.0,108.0,12.28847161572052,,,,5.0,3.0,12.236,74.0,35.0,12.42189189189189,80.0,40.0,11.96525,9.0,2610.0,7355.0,14485.0,2.0,6.0,,,bronte-macaulay,28.0,FEMALE,09-01-1994,australia,GOOFY,9.2,False,,44.0,111.0,20.0,91.0,0.1801801801801801,10.31495495495495,111.0,20.0,10.31495495495495,,,,5.0,1.0,11.056,48.0,11.0,11.02875,40.0,10.0,10.338,9.0,2610.0,11305.0,18660.0,11.0,1.0,malia-manuel,29.0,FEMALE,09-08-1993,hawaii,REGULAR,14.0,False,4745.0,84.0,272.0,110.0,162.0,0.4044117647058823,12.35139705882352,278.0,110.0,12.35139705882352,4.0,1.0,12.195,8.0,4.0,9.79625,97.0,40.0,12.66631578947369,79.0,32.0,12.27269230769231,5.0,4745.0,15155.0,22510.0,10.0,3.0
qfh4-hurley-pro-sunset-beach-ct22f,Quarterfinals,4,4,40.0,"February 17, 2022",2,Light,7.0,6-8',RIGHT,sunset-beach,REEFBREAK,hurley-pro-sunset-beach-ct22f,2022,2022-02-11T17:30:00.000Z,2,hawaii,2022,FEMALE,True,1,bettylou-sakura-johnson,17.0,FEMALE,21-03-2005,hawaii,REGULAR,9.16,False,2610.0,2.0,4.0,1.0,3.0,0.25,9.6625,4.0,1.0,9.6625,,,,1.0,,7.03,2.0,,12.08,4.0,1.0,9.6625,9.0,2610.0,5220.0,5220.0,20.0,1.0,0.0,0.0,india-robinson,22.0,FEMALE,01-11-2000,australia,REGULAR,5.4,False,2610.0,1.0,2.0,,2.0,,1.47,2.0,,1.47,,,,1.0,,,,,,2.0,,1.47,9.0,2610.0,2610.0,2610.0,,,,,,,,,,,,,,,,,,,,,,,,,,,,,,,,,,,,,,
qfh4-hurley-pro-sunset-beach-ct22f,Quarterfinals,4,4,40.0,"February 17, 2022",2,Light,7.0,6-8',RIGHT,sunset-beach,REEFBREAK,hurley-pro-sunset-beach-ct22f,2022,2022-02-11T17:30:00.000Z,2,hawaii,2022,FEMALE,False,2,india-robinson,22.0,FEMALE,01-11-2000,australia,REGULAR,5.4,False,2610.0,1.0,2.0,,2.0,,1.47,2.0,,1.47,,,,1.0,,,,,,2.0,,1.47,9.0,2610.0,2610.0,2610.0,,,0.0,0.0,bettylou-sakura-johnson,17.0,FEMALE,21-03-2005,hawaii,REGULAR,9.16,False,2610.0,2.0,4.0,1.0,3.0,0.25,9.6625,4.0,1.0,9.6625,,,,1.0,,7.03,2.0,,12.08,4.0,1.0,9.6625,9.0,2610.0,5220.0,5220.0,20.0,1.0,,,,,,,,,,,,,,,,,,,,,,,,,,,,,,,,,,,,
r16h3-hurley-pro-sunset-beach-ct22f,Round of 16,3,3,40.0,"February 17, 2022",2,Light,7.0,6-8',RIGHT,sunset-beach,REEFBREAK,hurley-pro-sunset-beach-ct22f,2022,2022-02-11T17:30:00.000Z,2,hawaii,2022,FEMALE,True,1,luana-silva,18.0,FEMALE,07-05-2004,brazil,REGULAR,12.5,False,2610.0,1.0,3.0,1.0,2.0,0.3333333333333333,3.266666666666667,3.0,1.0,3.266666666666667,,,,1.0,,2.2,,,,3.0,1.0,3.266666666666667,9.0,2610.0,2610.0,2610.0,,1.0,0.0,0.0,tatiana-weston-webb,26.0,FEMALE,09-05-1996,brazil,GOOFY,10.34,False,2610.0,62.0,229.0,108.0,121.0,0.4716157205240174,12.28847161572052,230.0,108.0,12.28847161572052,,,,5.0,3.0,12.236,74.0,35.0,12.42189189189189,80.0,40.0,11.96525,9.0,2610.0,7355.0,14485.0,2.0,6.0,,,,,,,,,,,,,,,,,,,,,,,,,,,,,,,,,,,,
r16h3-hurley-pro-sunset-beach-ct22f,Round of 16,3,3,40.0,"February 17, 2022",2,Light,7.0,6-8',RIGHT,sunset-beach,REEFBREAK,hurley-pro-sunset-beach-ct22f,2022,2022-02-11T17:30:00.000Z,2,hawaii,2022,FEMALE,False,2,tatiana-weston-webb,26.0,FEMALE,09-05-1996,brazil,GOOFY,10.34,False,2610.0,62.0,229.0,108.0,121.0,0.4716157205240174,12.28847161572052,230.0,108.0,12.28847161572052,,,,5.0,3.0,12.236,74.0,35.0,12.42189189189189,80.0,40.0,11.96525,9.0,2610.0,7355.0,14485.0,2.0,6.0,0.0,0.0,luana-silva,18.0,FEMALE,07-05-2004,brazil,REGULAR,12.5,False,2610.0,1.0,3.0,1.0,2.0,0.3333333333333333,3.266666666666667,3.0,1.0,3.266666666666667,,,,1.0,,2.2,,,,3.0,1.0,3.266666666666667,9.0,2610.0,2610.0,2610.0,,1.0,,,,,,,,,,,,,,,,,,,,,,,,,,,,,,,,,,,,
erh1-hurley-pro-sunset-beach-ct22f,Elimination Round,2,1,30.0,"February 17, 2022",3,Light,7.0,6-8',RIGHT,sunset-beach,REEFBREAK,hurley-pro-sunset-beach-ct22f,2022,2022-02-11T17:30:00.000Z,2,hawaii,2022,FEMALE,True,1,luana-silva,18.0,FEMALE,07-05-2004,brazil,REGULAR,12.3,False,2610.0,1.0,3.0,1.0,2.0,0.3333333333333333,3.266666666666667,3.0,1.0,3.266666666666667,,,,1.0,,2.2,,,,3.0,1.0,3.266666666666667,9.0,2610.0,2610.0,2610.0,,1.0,,,stephanie-gilmore,34.0,FEMALE,29-01-1988,australia,REGULAR,11.33,False,1045.0,99.0,366.0,230.0,136.0,0.6284153005464481,13.52896174863388,367.0,230.0,13.52896174863388,4.0,2.0,12.995,6.0,4.0,12.60666666666667,145.0,106.0,14.2335172413793,85.0,52.0,12.61619047619048,5.0,,14745.0,25155.0,5.0,4.0,moana-jones-wong,23.0,FEMALE,17-05-1999,hawaii,GOOFY,10.74,False,10000.0,1.0,5.0,5.0,,1.0,11.644,5.0,5.0,11.644,,,,4.0,4.0,12.6125,,,,5.0,5.0,11.644,1.0,10000.0,10000.0,10000.0,,5.0
erh1-hurley-pro-sunset-beach-ct22f,Elimination Round,2,1,30.0,"February 17, 2022",3,Light,7.0,6-8',RIGHT,sunset-beach,REEFBREAK,hurley-pro-sunset-beach-ct22f,2022,2022-02-11T17:30:00.000Z,2,hawaii,2022,FEMALE,False,3,moana-jones-wong,23.0,FEMALE,17-05-1999,hawaii,GOOFY,10.74,False,10000.0,1.0,5.0,5.0,,1.0,11.644,5.0,5.0,11.644,,,,4.0,4.0,12.6125,,,,5.0,5.0,11.644,1.0,10000.0,10000.0,10000.0,,5.0,,,stephanie-gilmore,34.0,FEMALE,29-01-1988,australia,REGULAR,11.33,False,1045.0,99.0,366.0,230.0,136.0,0.6284153005464481,13.52896174863388,367.0,230.0,13.52896174863388,4.0,2.0,12.995,6.0,4.0,12.60666666666667,145.0,106.0,14.2335172413793,85.0,52.0,12.61619047619048,5.0,,14745.0,25155.0,5.0,4.0,luana-silva,18.0,FEMALE,07-05-2004,brazil,REGULAR,12.3,False,2610.0,1.0,3.0,1.0,2.0,0.3333333333333333,3.266666666666667,3.0,1.0,3.266666666666667,,,,1.0,,2.2,,,,3.0,1.0,3.266666666666667,9.0,2610.0,2610.0,2610.0,,1.0
